"","seriesId","seriesTitle","seriesAvgRating","totalVotes","avgVotes","numSeasons","avgRuntime","seriesStartYear","seriesStartDecade","lengthYears","genres","baseGenre"
"1","tt0944947","Game of Thrones",8.74,4709925,63648,8,57.8,"2011","2010s",8,"Action,Adventure,Drama","Action"
"2","tt0903747","Breaking Bad",8.96,2561465,41314,5,47.4,"2008","2000s",5,"Crime,Drama,Thriller","Crime"
"3","tt2560140","Attack on Titan",9.09,3348216,37620,4,25.1,"2013","2010s",10,"Action,Adventure,Animation","Action"
"4","tt11126994","Arcane",9.18,626693,34816,2,41.1,"2021","2020s",3,"Action,Adventure,Animation","Action"
"5","tt1475582","Sherlock",8.66,453954,30264,4,80.7,"2010","2010s",7,"Crime,Drama,Mystery","Crime"
"6","tt4574334","Stranger Things",8.58,866568,25487,4,60.9,"2016","2010s",9,"Drama,Fantasy,Horror","Drama"
"7","tt9140554","Loki",8.47,287105,23925,2,48.8,"2021","2020s",2,"Action,Adventure,Fantasy","Action"
"8","tt3032476","Better Call Saul",8.8,1314617,20867,6,49.7,"2015","2010s",7,"Crime,Drama","Crime"
"9","tt10919420","Squid Game",7.81,268061,16754,2,57,"2021","2020s",4,"Action,Drama,Mystery","Action"
"10","tt5753856","Dark",8.89,396545,15252,3,55.9,"2017","2010s",3,"Crime,Drama,Mystery","Crime"
"11","tt1520211","The Walking Dead",7.92,2352953,13294,11,45.8,"2010","2010s",12,"Drama,Horror,Thriller","Horror"
"12","tt0475784","Westworld",8.33,445364,12371,4,60.7,"2016","2010s",6,"Drama,Mystery,Sci-Fi","Drama"
"13","tt4158110","Mr. Robot",8.89,521332,11585,4,48.9,"2015","2010s",4,"Crime,Drama,Thriller","Crime"
"14","tt3322312","Daredevil",8.85,441675,11325,3,53.3,"2015","2010s",3,"Action,Crime,Drama","Action"
"15","tt7660850","Succession",8.74,434058,11130,4,63.5,"2018","2010s",5,"Comedy,Drama","Comedy"
"16","tt2442560","Peaky Blinders",8.6,380107,10559,6,58.4,"2013","2010s",9,"Crime,Drama","Crime"
"17","tt10168312","What If...?",7.09,238854,9187,3,31,"2021","2020s",3,"Action,Adventure,Animation","Action"
"18","tt0141842","The Sopranos",8.61,767853,8929,6,54.9,"1999","1990s",8,"Crime,Drama","Crime"
"19","tt0436992","Doctor Who",7.64,1294988,7896,13,48.2,"2005","2000s",17,"Adventure,Drama,Sci-Fi","Adventure"
"20","tt0773262","Dexter",8.45,753770,7852,8,52.9,"2006","2000s",7,"Crime,Drama,Mystery","Crime"
"21","tt6468322","Money Heist",7.98,308812,7532,5,58.2,"2017","2010s",4,"Action,Crime,Drama","Action"
"22","tt2243973","Hannibal",8.65,288587,7400,3,43.2,"2013","2010s",2,"Crime,Drama,Horror","Crime"
"23","tt5675620","The Punisher",8.5,185238,7125,2,53.2,"2017","2010s",2,"Action,Crime,Drama","Action"
"24","tt0411008","Lost",8.48,859770,7106,6,43.1,"2004","2000s",6,"Adventure,Drama,Fantasy","Adventure"
"25","tt2802850","Fargo",8.32,359550,7050,5,51.9,"2014","2010s",10,"Crime,Drama,Thriller","Crime"
"26","tt5290382","Mindhunter",8.35,129257,6803,2,53.4,"2017","2010s",2,"Crime,Drama,Mystery","Crime"
"27","tt0417299","Avatar: The Last Airbender",8.59,410941,6628,3,24.3,"2005","2000s",3,"Action,Adventure,Animation","Action"
"28","tt0386676","The Office",8.06,1237244,6581,9,24,"2005","2000s",8,"Comedy","Comedy"
"29","tt2699128","The Leftovers",8.71,179015,6393,3,58.1,"2014","2010s",3,"Drama,Fantasy,Mystery","Drama"
"30","tt15074312","Maigret",7.15,25196,6299,2,88.2,"2016","2010s",1,"Crime,Drama,Mystery","Crime"
"31","tt3398228","BoJack Horseman",8.41,475264,6172,6,25.7,"2014","2010s",6,"Animation,Comedy,Drama","Animation"
"32","tt0098936","Twin Peaks",8.22,179772,5992,2,49.8,"1990","1990s",1,"Crime,Drama,Mystery","Crime"
"33","tt2707408","Narcos",8.65,174314,5810,3,51.7,"2015","2010s",2,"Biography,Crime,Drama","Biography"
"34","tt0108778","Friends",8.29,1339362,5699,10,22.5,"1994","1990s",10,"Comedy,Romance","Comedy"
"35","tt5071412","Ozark",8.28,244309,5552,4,60.4,"2017","2010s",5,"Crime,Drama,Thriller","Crime"
"36","tt5348176","Barry",8.53,177426,5545,4,32.1,"2018","2010s",5,"Action,Comedy,Crime","Action"
"37","tt2306299","Vikings",8.02,492057,5529,6,44.7,"2013","2010s",7,"Action,Adventure,Drama","Action"
"38","tt5687612","Fleabag",8.4,64165,5347,2,25.2,"2016","2010s",3,"Comedy,Drama","Comedy"
"39","tt0306414","The Wire",8.58,319353,5323,5,59.4,"2002","2000s",6,"Crime,Drama,Thriller","Crime"
"40","tt4052886","Lucifer",8.4,493891,5311,6,47.2,"2016","2010s",5,"Crime,Drama,Fantasy","Crime"
"41","tt9059350","Warrior Nun",7.94,94318,5240,2,43.1,"2020","2020s",2,"Action,Drama,Fantasy","Action"
"42","tt1869454","Good Omens",8.05,62553,5213,2,51.8,"2019","2010s",6,"Comedy,Drama,Fantasy","Comedy"
"43","tt7767422","Sex Education",7.92,160745,5023,4,54.3,"2019","2010s",4,"Comedy,Drama,Romance","Comedy"
"44","tt10233448","Vinland Saga",8.81,240667,5014,2,25.1,"2019","2010s",4,"Action,Adventure,Animation","Action"
"45","tt8806524","Star Trek: Picard",7.65,150017,5001,3,49.8,"2020","2020s",3,"Action,Adventure,Drama","Action"
"46","tt0460681","Supernatural",8.33,1633745,4996,15,45,"2005","2000s",15,"Drama,Fantasy,Horror","Drama"
"47","tt2934286","Halo",7.42,84928,4996,2,51.6,"2022","2020s",2,"Action,Adventure,Sci-Fi","Action"
"48","tt3920596","Big Little Lies",8.36,69420,4959,2,50.1,"2017","2010s",9,"Crime,Drama,Mystery","Crime"
"49","tt0455275","Prison Break",8.33,435055,4834,5,49.1,"2005","2000s",12,"Action,Crime,Drama","Action"
"50","tt1856010","House of Cards",7.98,350277,4798,6,51.6,"2013","2010s",5,"Drama","Drama"
"51","tt1439629","Community",8.18,527445,4795,6,22.5,"2009","2000s",6,"Comedy","Comedy"
"52","tt0458290","Star Wars: The Clone Wars",7.79,607573,4568,7,22.6,"2008","2000s",12,"Action,Adventure,Animation","Action"
"53","tt4786824","The Crown",8.27,266354,4439,6,54.6,"2016","2010s",7,"Biography,Drama,History","Biography"
"54","tt0460649","How I Met Your Mother",8.01,921950,4432,9,24.2,"2005","2000s",9,"Comedy,Drama,Romance","Comedy"
"55","tt1312171","The Umbrella Academy",7.68,158748,4410,4,51,"2019","2010s",5,"Action,Adventure,Comedy","Action"
"56","tt0098904","Seinfeld",8.26,754058,4384,9,24.1,"1989","1980s",9,"Comedy","Comedy"
"57","tt2661044","The 100",7.98,428363,4284,7,41.8,"2014","2010s",6,"Action,Drama,Sci-Fi","Action"
"58","tt0060028","Star Trek",7.34,341265,4266,3,50.5,"1966","1960s",3,"Action,Adventure,Drama","Action"
"59","tt7221388","Cobra Kai",8.31,276204,4249,6,34.6,"2018","2010s",7,"Action,Comedy,Drama","Action"
"60","tt7335184","You",7.82,169348,4234,4,47.6,"2018","2010s",7,"Crime,Drama,Romance","Crime"
"61","tt2431438","Sense8",8.57,100162,4173,2,61.8,"2015","2010s",3,"Drama,Mystery,Sci-Fi","Drama"
"62","tt1865718","Gravity Falls",8.54,170351,4155,2,23.1,"2012","2010s",4,"Adventure,Animation,Comedy","Adventure"
"63","tt2261227","Altered Carbon",7.46,73092,4061,2,51.6,"2018","2010s",2,"Action,Adventure,Drama","Action"
"64","tt2193021","Arrow",8.16,688524,4050,8,42.4,"2012","2010s",8,"Action,Adventure,Crime","Action"
"65","tt6257970","The End of the F***ing World",8.07,63514,3970,2,21.1,"2017","2010s",2,"Adventure,Comedy,Crime","Adventure"
"66","tt1839578","Person of Interest",8.79,408729,3968,5,43.7,"2011","2010s",5,"Action,Crime,Drama","Action"
"67","tt0448190","Masters of Horror",6.07,102479,3942,2,58.9,"2005","2000s",2,"Horror","Horror"
"68","tt2357547","Jessica Jones",7.89,152157,3901,3,51.4,"2015","2010s",4,"Action,Crime,Drama","Action"
"69","tt0092455","Star Trek: The Next Generation",7.32,683452,3883,7,46.1,"1987","1980s",7,"Action,Adventure,Drama","Action"
"70","tt5691552","The Orville",7.99,139461,3874,3,52.9,"2017","2010s",5,"Adventure,Comedy,Drama","Adventure"
"71","tt0898266","The Big Bang Theory",7.77,1072334,3843,12,20.3,"2007","2000s",12,"Comedy,Romance","Comedy"
"72","tt5171438","Star Trek: Discovery",6.8,245921,3783,5,50.6,"2017","2010s",7,"Action,Adventure,Drama","Action"
"73","tt1837492","13 Reasons Why",7.22,184653,3768,4,58.1,"2017","2010s",3,"Drama,Mystery,Thriller","Thriller"
"74","tt0118276","Buffy the Vampire Slayer",7.99,546107,3766,7,51.6,"1997","1990s",6,"Action,Adventure,Drama","Action"
"75","tt5834204","The Handmaid's Tale",8.1,224337,3739,6,51.4,"2017","2010s",8,"Drama,Sci-Fi,Thriller","Thriller"
"76","tt0412142","House",8.37,653716,3714,8,44.4,"2004","2000s",8,"Drama,Mystery","Drama"
"77","tt4179452","The Last Kingdom",8.68,170687,3711,5,55.4,"2015","2010s",7,"Action,Drama,History","Action"
"78","tt1442449","Spartacus",8.55,122212,3703,3,53.8,"2010","2010s",3,"Action,Adventure,Biography","Action"
"79","tt3107288","The Flash",7.57,670880,3646,9,42,"2014","2010s",9,"Action,Adventure,Drama","Action"
"80","tt12708542","Star Wars: The Bad Batch",7.88,170325,3624,3,27.1,"2021","2020s",3,"Action,Adventure,Animation","Action"
"81","tt2467372","Brooklyn Nine-Nine",8,553228,3616,8,21.9,"2013","2010s",8,"Comedy,Crime","Comedy"
"82","tt3230854","The Expanse",8.35,221594,3574,6,45.3,"2015","2010s",7,"Drama,Mystery,Sci-Fi","Drama"
"83","tt7016936","Killing Eve",7.72,111729,3492,4,41.8,"2018","2010s",4,"Action,Adventure,Drama","Action"
"84","tt3743822","Fear the Walking Dead",6.97,375440,3322,8,45.6,"2015","2010s",8,"Drama,Horror,Sci-Fi","Horror"
"85","tt1124373","Sons of Anarchy",8.51,301808,3281,7,54.9,"2008","2000s",6,"Crime,Drama,Thriller","Crime"
"86","tt0052520","The Twilight Zone",7.45,508847,3262,5,28,"1959","1950s",5,"Drama,Fantasy,Horror","Drama"
"87","tt2364582","Agents of S.H.I.E.L.D.",8.32,439839,3234,7,42.6,"2013","2010s",7,"Action,Adventure,Drama","Action"
"88","tt2403776","Shadow and Bone",7.81,51029,3189,2,55.5,"2021","2020s",2,"Action,Adventure,Drama","Action"
"89","tt4955642","The Good Place",8.09,159333,3187,4,23.4,"2016","2010s",4,"Comedy,Drama,Fantasy","Comedy"
"90","tt1710308","Regular Show",8.44,770285,3157,8,11.8,"2010","2010s",7,"Action,Adventure,Animation","Action"
"91","tt3322310","Iron Fist",7.41,72463,3151,2,54.1,"2017","2010s",1,"Action,Adventure,Crime","Action"
"92","tt1466074","Columbo",7.54,134722,3133,7,82.2,"1971","1970s",7,"Crime,Drama,Mystery","Crime"
"93","tt4288182","Atlanta",8.39,127984,3122,4,29.2,"2016","2010s",6,"Comedy,Drama,Music","Comedy"
"94","tt8398600","After Life",8.06,55547,3086,3,28.2,"2019","2010s",3,"Comedy,Drama","Comedy"
"95","tt0804503","Mad Men",8.42,282419,3070,7,49.4,"2007","2000s",8,"Drama","Drama"
"96","tt3322314","Luke Cage",7.71,79658,3064,2,56.4,"2016","2010s",2,"Action,Crime,Drama","Action"
"97","tt1796960","Homeland",8.2,291255,3034,8,51.9,"2011","2010s",9,"Crime,Drama,Mystery","Crime"
"98","tt3749900","Gotham",8.2,301741,3017,5,43.4,"2014","2010s",5,"Action,Crime,Drama","Action"
"99","tt8543390","Modern Love",7.22,47386,2962,2,32.4,"2019","2010s",2,"Comedy,Drama,Romance","Comedy"
"100","tt2017109","Banshee",8.56,111477,2934,4,51.3,"2013","2010s",3,"Action,Crime,Drama","Action"
"101","tt9170108","Raised by Wolves",7.69,52719,2929,2,49.3,"2020","2020s",2,"Drama,Fantasy,Sci-Fi","Drama"
"102","tt1695360","The Legend of Korra",8.39,150109,2887,4,23.4,"2012","2010s",2,"Action,Adventure,Animation","Action"
"103","tt1474684","Luther",8.28,57270,2864,5,58.2,"2010","2010s",9,"Crime,Drama,Mystery","Crime"
"104","tt4635282","The OA",8.32,45819,2864,2,54.5,"2016","2010s",3,"Drama,Fantasy,Mystery","Drama"
"105","tt5114356","Legion",8.39,76805,2845,3,49.5,"2017","2010s",2,"Action,Drama,Sci-Fi","Action"
"106","tt3475734","Agent Carter",7.99,50860,2826,2,42.1,"2015","2010s",1,"Action,Adventure,Crime","Action"
"107","tt2930604","Star Wars: Rebels",7.92,206105,2823,4,22.5,"2014","2010s",4,"Action,Adventure,Animation","Action"
"108","tt1632701","Suits",8.35,375062,2799,9,43.9,"2011","2010s",8,"Comedy,Drama","Comedy"
"109","tt5607976","His Dark Materials",7.97,62150,2702,3,53.5,"2019","2010s",3,"Adventure,Drama,Fantasy","Adventure"
"110","tt0487831","The IT Crowd",8.1,67124,2685,5,24.7,"2006","2000s",7,"Comedy","Comedy"
"111","tt2628232","Penny Dreadful",8.31,71865,2662,3,54.2,"2014","2010s",2,"Drama,Fantasy,Horror","Drama"
"112","tt1266020","Parks and Recreation",8.06,329823,2660,7,21.9,"2009","2000s",6,"Comedy","Comedy"
"113","tt7949218","See",7.77,63153,2631,3,53.5,"2019","2010s",3,"Action,Drama,Sci-Fi","Action"
"114","tt13623148","I Am Groot",6.78,25812,2581,2,3.5,"2022","2020s",1,"Action,Adventure,Animation","Action"
"115","tt2583620","The Twilight Zone",6.09,51366,2568,2,41.5,"2019","2010s",1,"Drama,Fantasy,Horror","Drama"
"116","tt0384766","Rome",8.38,55949,2543,2,53.9,"2005","2000s",2,"Action,Drama,Romance","Action"
"117","tt4189022","Ash vs Evil Dead",8.34,75816,2527,3,29.6,"2015","2010s",3,"Action,Comedy,Horror","Action"
"118","tt0248654","Six Feet Under",8.37,156995,2492,5,54.7,"2001","2000s",4,"Comedy,Drama","Comedy"
"119","tt1119644","Fringe",8.21,244663,2447,5,47,"2008","2000s",5,"Drama,Mystery,Sci-Fi","Drama"
"120","tt1442437","Modern Family",7.73,606151,2425,11,21.3,"2009","2000s",11,"Comedy,Drama,Romance","Comedy"
"121","tt18335752","1923",8.33,36227,2415,2,60.7,"2022","2020s",3,"Drama,Western","Western"
"122","tt0979432","Boardwalk Empire",8.41,135018,2411,5,56.4,"2010","2010s",4,"Crime,Drama","Crime"
"123","tt0106145","Star Trek: Deep Space Nine",7.48,414925,2398,7,46.9,"1993","1990s",6,"Action,Adventure,Drama","Action"
"124","tt0286486","The Shield",8.18,212291,2385,7,46.9,"2002","2000s",6,"Crime,Drama,Thriller","Crime"
"125","tt0072500","Fawlty Towers",8.75,28194,2350,2,31.1,"1975","1970s",4,"Comedy","Comedy"
"126","tt12749392","Sharpe",7.62,41847,2325,7,92.9,"1993","1990s",15,"Action,Adventure,Drama","Action"
"127","tt8714904","Narcos: Mexico",8.15,69455,2315,3,58.2,"2018","2010s",3,"Crime,Drama","Crime"
"128","tt0103359","Batman: The Animated Series",7.91,195155,2296,4,22,"1992","1990s",3,"Action,Adventure,Animation","Action"
"129","tt6517102","Castlevania",8.25,72372,2262,4,25.9,"2017","2010s",4,"Action,Adventure,Animation","Action"
"130","tt0367279","Arrested Development",8.04,189203,2252,5,28.2,"2003","2000s",16,"Comedy","Comedy"
"131","tt0290978","The Office",8.31,31297,2236,3,31.7,"2001","2000s",2,"Comedy,Drama","Comedy"
"132","tt2375692","Black Sails",8.43,84133,2214,4,56.4,"2014","2010s",3,"Action,Adventure,Drama","Action"
"133","tt0118421","Oz",8.34,123800,2211,6,58.3,"1997","1990s",6,"Crime,Drama,Thriller","Crime"
"134","tt5555260","This Is Us",8.54,234020,2208,6,43.1,"2016","2010s",6,"Comedy,Drama,Romance","Comedy"
"135","tt0094525","Poirot",7.65,153636,2195,13,71.9,"1989","1980s",24,"Crime,Drama,Mystery","Crime"
"136","tt5788792","The Marvelous Mrs. Maisel",8.38,93988,2186,5,55,"2017","2010s",6,"Comedy,Drama","Comedy"
"137","tt6048596","The Sinner",7.43,69535,2173,4,44.7,"2017","2010s",4,"Crime,Drama,Mystery","Crime"
"138","tt0112178","Star Trek: Voyager",7.32,364551,2170,7,46.2,"1995","1990s",6,"Action,Adventure,Drama","Action"
"139","tt4145054","Shadowhunters",8.15,119278,2169,3,42.1,"2016","2010s",3,"Action,Drama,Fantasy","Action"
"140","tt2372162","Orange Is the New Black",8.05,196441,2159,7,58.9,"2013","2010s",6,"Comedy,Crime,Drama","Comedy"
"141","tt5421602","Anne with an E",8.72,58187,2155,3,45.6,"2017","2010s",2,"Drama,Family","Drama"
"142","tt0407362","Battlestar Galactica",8.03,158965,2148,4,49.1,"2004","2000s",5,"Action,Adventure,Drama","Action"
"143","tt5232792","Lost in Space",7.64,59945,2141,3,49.4,"2018","2010s",3,"Adventure,Drama,Family","Adventure"
"144","tt0976192","The Spectacular Spider-Man",8.74,55560,2137,2,22.5,"2008","2000s",1,"Action,Adventure,Animation","Action"
"145","tt1740299","The Man in the High Castle",7.96,84162,2104,4,54.5,"2015","2010s",4,"Drama,Sci-Fi,Thriller","Thriller"
"146","tt7520794","Russian Doll",7.53,31234,2082,2,27.6,"2019","2010s",3,"Comedy,Drama,Mystery","Comedy"
"147","tt2249364","Broadchurch",8.12,49147,2048,3,47.6,"2013","2010s",4,"Crime,Drama,Mystery","Crime"
"148","tt7908628","What We Do in the Shadows",8.09,124860,2047,6,24.7,"2019","2010s",5,"Comedy,Fantasy,Horror","Comedy"
"149","tt0162065","Angel",8.07,226466,2040,5,42,"1999","1990s",5,"Action,Adventure,Drama","Action"
"150","tt1606375","Downton Abbey",8.31,106039,2039,6,57.9,"2010","2010s",5,"Drama,Romance","Drama"
"151","tt8427140","Into the Dark",5.68,48729,2030,2,83,"2018","2010s",3,"Drama,Fantasy,Horror","Drama"
"152","tt2188671","Bates Motel",8.38,100865,2017,5,43.4,"2013","2010s",4,"Drama,Horror,Mystery","Horror"
"153","tt6548228","Castle Rock",7.96,40275,2014,2,48.8,"2018","2010s",1,"Drama,Fantasy,Horror","Drama"
"154","tt0264235","Curb Your Enthusiasm",8.28,241337,2011,12,33,"2000","2000s",24,"Comedy","Comedy"
"155","tt6077448","Sacred Games",8.22,31733,1983,2,49.7,"2018","2010s",1,"Action,Crime,Drama","Action"
"156","tt8788458","The Promised Neverland",7.77,45476,1977,2,23,"2019","2010s",2,"Action,Adventure,Animation","Action"
"157","tt1870479","The Newsroom",8.53,49184,1967,3,57.3,"2012","2010s",2,"Drama","Drama"
"158","tt1898069","American Gods",7.48,51103,1966,3,54.3,"2017","2010s",4,"Drama,Fantasy,Mystery","Drama"
"159","tt2294189","The Fall",7.85,33280,1958,3,61.4,"2013","2010s",3,"Crime,Drama,Thriller","Crime"
"160","tt0244365","Star Trek: Enterprise",7.48,189193,1931,4,43.5,"2001","2000s",4,"Action,Adventure,Drama","Action"
"161","tt4635276","Master of None",7.98,47982,1919,3,31.9,"2015","2010s",6,"Comedy,Drama","Comedy"
"162","tt2575988","Silicon Valley",8.15,101491,1915,6,29.4,"2014","2010s",5,"Comedy","Comedy"
"163","tt4016454","Supergirl",7.37,239284,1899,6,42.1,"2015","2010s",6,"Action,Adventure,Drama","Action"
"164","tt0348914","Deadwood",8.32,68018,1889,3,52.7,"2004","2000s",2,"Crime,Drama,History","Crime"
"165","tt2149175","The Americans",8.24,138395,1845,6,47.6,"2013","2010s",5,"Crime,Drama,Mystery","Crime"
"166","tt1405406","The Vampire Diaries",8.25,311147,1820,8,42,"2009","2000s",8,"Drama,Fantasy,Horror","Drama"
"167","tt7440726","Your Honor",7.71,36172,1809,2,55.7,"2020","2020s",3,"Crime,Drama,Thriller","Crime"
"168","tt1734537","Marple",7.25,41565,1807,6,90.9,"2004","2000s",9,"Crime,Drama,Mystery","Crime"
"169","tt9348692","Criminal: UK",8.11,12635,1805,2,44.4,"2019","2010s",1,"Crime,Drama,Mystery","Crime"
"170","tt3205802","How to Get Away with Murder",8.31,160329,1781,6,42.8,"2014","2010s",6,"Crime,Drama,Mystery","Crime"
"171","tt9612516","Space Force",6.97,29921,1760,2,30.4,"2020","2020s",2,"Comedy","Comedy"
"172","tt2674806","Inside No. 9",7.6,96665,1758,9,29.3,"2014","2010s",10,"Comedy,Crime,Drama","Comedy"
"173","tt1489428","Justified",8.36,136783,1754,6,42.5,"2010","2010s",5,"Action,Crime,Drama","Action"
"174","tt2741602","The Blacklist",7.83,382262,1753,10,42.6,"2013","2010s",10,"Crime,Drama,Mystery","Crime"
"175","tt4532368","DC's Legends of Tomorrow",7.87,192480,1750,7,41.9,"2016","2010s",6,"Action,Adventure,Drama","Action"
"176","tt3526078","Schitt's Creek",7.97,139263,1741,6,22.1,"2015","2010s",5,"Comedy","Comedy"
"177","tt1196946","The Mentalist",7.98,260041,1722,7,43.9,"2008","2000s",7,"Crime,Drama,Mystery","Crime"
"178","tt0994314","Code Geass",8.38,84940,1699,2,24,"2006","2000s",2,"Action,Animation,Drama","Action"
"179","tt4604612","The Alienist",7.92,29339,1630,2,47.4,"2018","2010s",2,"Crime,Drama,Mystery","Crime"
"180","tt5511582","Timeless",8.11,43891,1626,2,45.5,"2016","2010s",2,"Action,Adventure,Drama","Action"
"181","tt1843230","Once Upon a Time",7.98,245173,1572,7,43.6,"2011","2010s",7,"Adventure,Fantasy,Romance","Adventure"
"182","tt0312172","Monk",7.95,189635,1529,8,43.5,"2002","2000s",7,"Comedy,Crime,Drama","Comedy"
"183","tt0813715","Heroes",7.63,119245,1529,4,43.7,"2006","2000s",4,"Crime,Drama,Fantasy","Crime"
"184","tt2234222","Orphan Black",8.33,76450,1529,5,43.7,"2013","2010s",4,"Drama,Sci-Fi,Thriller","Thriller"
"185","tt1567432","Teen Wolf",8.44,152430,1524,6,41.6,"2011","2010s",6,"Action,Drama,Fantasy","Action"
"186","tt3007572","Locke & Key",7.33,42554,1520,3,45.9,"2020","2020s",2,"Drama,Fantasy,Horror","Drama"
"187","tt2618986","Wayward Pines",7.55,30350,1518,2,43.5,"2015","2010s",1,"Drama,Horror,Mystery","Horror"
"188","tt4834206","A Series of Unfortunate Events",8.04,37618,1505,3,46.8,"2017","2010s",2,"Adventure,Comedy,Drama","Adventure"
"189","tt2303687","Line of Duty",8.38,54058,1502,6,59.6,"2012","2010s",14,"Crime,Drama,Mystery","Crime"
"190","tt5296406","Designated Survivor",7.39,78505,1481,3,43.7,"2016","2010s",3,"Action,Drama,Mystery","Action"
"191","tt5897304","Mob Psycho 100",8.49,54558,1475,3,24,"2016","2010s",6,"Action,Animation,Comedy","Action"
"192","tt0285331","24",8.32,280426,1461,8,43.5,"2001","2000s",9,"Action,Crime,Drama","Action"
"193","tt8064302","Dead to Me",7.94,43666,1456,3,31.2,"2019","2010s",3,"Comedy,Crime,Drama","Comedy"
"194","tt3061046","Steven Universe",8.17,225377,1454,5,11.4,"2013","2010s",6,"Action,Adventure,Animation","Action"
"195","tt5743796","Warrior",8.42,43350,1445,3,53.7,"2019","2010s",4,"Action,Crime,Drama","Action"
"196","tt5651844","Travelers",8.12,49056,1443,3,45,"2016","2010s",2,"Drama,Mystery,Sci-Fi","Drama"
"197","tt1219024","Castle",8.09,248601,1437,8,43.4,"2009","2000s",7,"Comedy,Crime,Drama","Comedy"
"198","tt0934814","Chuck",8.35,129749,1426,5,43.5,"2007","2000s",5,"Action,Comedy,Drama","Action"
"199","tt7120662","Derry Girls",8.19,27071,1425,3,26.3,"2018","2010s",4,"Comedy","Comedy"
"200","tt10231312","Inside Job",7.86,25629,1424,2,27.4,"2021","2020s",1,"Adventure,Animation,Comedy","Adventure"
"201","tt1327801","Glee",7.92,172133,1423,6,49.1,"2009","2000s",6,"Comedy,Drama,Music","Comedy"
"202","tt7569576","The Flight Attendant",7.36,22574,1411,2,44.9,"2020","2020s",2,"Comedy,Drama,Mystery","Comedy"
"203","tt6226232","Young Sheldon",7.59,197944,1404,7,19.4,"2017","2010s",7,"Comedy","Comedy"
"204","tt1486217","Archer",7.89,199845,1398,14,22.1,"2009","2000s",14,"Action,Animation,Comedy","Action"
"205","tt2701582","Endeavour",8.27,50017,1389,9,90.8,"2012","2010s",11,"Crime,Drama,Mystery","Crime"
"206","tt1636691","Generator Rex",8.66,81651,1384,3,23.7,"2010","2010s",3,"Action,Adventure,Animation","Action"
"207","tt2632424","The Originals",8.59,125510,1364,5,42.7,"2013","2010s",5,"Drama,Fantasy,Horror","Drama"
"208","tt0445114","Extras",8.21,17707,1362,2,34.2,"2005","2000s",2,"Comedy,Drama","Comedy"
"209","tt0285403","Scrubs",7.99,245598,1349,9,23.8,"2001","2000s",9,"Comedy,Drama","Comedy"
"210","tt0279600","Smallville",8.04,292206,1347,10,43,"2001","2000s",16,"Action,Adventure,Drama","Action"
"211","tt0369179","Two and a Half Men",7.29,353024,1347,12,22.1,"2003","2000s",12,"Comedy,Romance","Comedy"
"212","tt1637727","The Killing",8.12,58600,1332,4,46,"2011","2010s",3,"Crime,Drama,Mystery","Crime"
"213","tt2654620","The Strain",7.85,60790,1322,4,45.6,"2014","2010s",3,"Drama,Fantasy,Horror","Drama"
"214","tt0118480","Stargate SG-1",7.73,280242,1316,10,44.3,"1997","1990s",10,"Action,Adventure,Drama","Action"
"215","tt1553656","Under the Dome",6.85,50862,1304,3,42.8,"2013","2010s",2,"Drama,Mystery,Sci-Fi","Drama"
"216","tt7745956","She-Ra and the Princesses of Power",8.32,67432,1297,5,24,"2018","2010s",2,"Action,Adventure,Animation","Action"
"217","tt3921180","Scream: The TV Series",7.25,37505,1293,3,42.7,"2015","2010s",4,"Comedy,Crime,Drama","Comedy"
"218","tt0491738","Psych",8.21,154849,1290,8,44.3,"2006","2000s",8,"Comedy,Crime,Mystery","Comedy"
"219","tt2887954","Tokyo Vice",8.03,23226,1290,2,57.4,"2022","2020s",2,"Crime,Drama,Thriller","Crime"
"220","tt0086661","The Adventures of Sherlock Holmes",8.08,16706,1285,2,52.9,"1984","1980s",1,"Crime,Drama,Mystery","Crime"
"221","tt7456722","Hunters",7.64,23058,1281,2,59.6,"2020","2020s",3,"Crime,Drama,Mystery","Crime"
"222","tt6470478","The Good Doctor",7.85,159755,1268,7,42.7,"2017","2010s",7,"Drama","Drama"
"223","tt1826940","New Girl",7.59,184790,1266,7,21.4,"2011","2010s",7,"Comedy,Romance","Comedy"
"224","tt5420376","Riverdale",6.95,172167,1257,7,42.1,"2017","2010s",6,"Crime,Drama,Mystery","Crime"
"225","tt1220617","The Inbetweeners",8.22,22615,1256,3,24.3,"2008","2000s",2,"Comedy","Comedy"
"226","tt3428912","Happy Valley",8.41,22262,1237,3,58.6,"2014","2010s",9,"Crime,Drama,Thriller","Crime"
"227","tt2384811","Utopia",8.42,14694,1224,2,51.8,"2013","2010s",1,"Drama,Mystery,Sci-Fi","Drama"
"228","tt2891574","Ballers",7.79,56880,1210,5,29.2,"2015","2010s",4,"Comedy,Drama,Sport","Comedy"
"229","tt4047038","Dirk Gently's Holistic Detective Agency",8.08,21788,1210,2,41.8,"2016","2010s",1,"Action,Adventure,Comedy","Action"
"230","tt1830617","Grimm",8.21,147852,1202,6,46.8,"2011","2010s",6,"Crime,Drama,Fantasy","Crime"
"231","tt6156584","Snowpiercer",7.09,48030,1201,4,46.4,"2020","2020s",4,"Action,Drama,Sci-Fi","Action"
"232","tt3148266","12 Monkeys",8.38,56179,1195,4,43.1,"2015","2010s",3,"Adventure,Drama,Mystery","Adventure"
"233","tt5368542","The Exorcist",8.04,23880,1194,2,43.5,"2016","2010s",2,"Drama,Horror,Mystery","Horror"
"234","tt12809988","Sweet Tooth",7.54,28434,1185,3,48.1,"2021","2020s",3,"Action,Adventure,Drama","Action"
"235","tt1759761","Veep",8.19,76919,1183,7,28.5,"2012","2010s",7,"Comedy","Comedy"
"236","tt8068860","Servant",7.62,47086,1177,4,29.1,"2019","2010s",4,"Drama,Horror,Mystery","Horror"
"237","tt0904208","Californication",7.85,98767,1176,7,28.3,"2007","2000s",7,"Comedy,Drama","Comedy"
"238","tt6315640","Atypical",8.1,44405,1169,4,31.1,"2017","2010s",4,"Comedy,Drama","Comedy"
"239","tt11685912","Outer Range",7.4,17347,1156,2,51.2,"2022","2020s",2,"Drama,Mystery,Thriller","Thriller"
"240","tt5770786","GLOW",7.96,34450,1148,3,33.8,"2017","2010s",2,"Comedy,Drama,Sport","Comedy"
"241","tt14664414","Young Royals",8.4,20641,1147,3,45.3,"2021","2020s",3,"Drama,Romance","Drama"
"242","tt1236246","Runaways",7.38,37701,1142,3,47.9,"2017","2010s",2,"Action,Drama,Sci-Fi","Action"
"243","tt4270492","Billions",7.83,95173,1133,7,56.9,"2016","2010s",7,"Drama","Drama"
"244","tt2189461","Marco Polo",7.91,22320,1116,2,54.8,"2014","2010s",2,"Action,Adventure,Drama","Action"
"245","tt32135296","A Ghost Story for Christmas",6.72,8878,1110,8,37.8,"1971","1970s",7,"Drama,Fantasy,Horror","Drama"
"246","tt9184820","Star Trek: Lower Decks",7.75,55482,1110,5,25.8,"2020","2020s",4,"Action,Adventure,Animation","Action"
"247","tt4396630","The Gifted",7.67,31665,1092,2,44.2,"2017","2010s",2,"Action,Drama,Fantasy","Action"
"248","tt0851851","Terminator: The Sarah Connor Chronicles",7.67,33383,1077,2,43.9,"2008","2000s",1,"Action,Drama,Fantasy","Action"
"249","tt1051220","The Shannara Chronicles",7.6,21402,1070,2,41.4,"2016","2010s",1,"Adventure,Drama,Fantasy","Adventure"
"250","tt0374455","Stargate: Atlantis",7.77,105715,1068,5,44.4,"2004","2000s",5,"Action,Adventure,Drama","Action"
"251","tt0460627","Bones",7.73,261726,1068,12,46.6,"2005","2000s",12,"Crime,Drama,Mystery","Crime"
"252","tt0106004","Frasier",7.91,277268,1054,11,25,"1993","1990s",11,"Comedy","Comedy"
"253","tt0387199","Entourage",8.19,100718,1049,8,27.6,"2004","2000s",7,"Comedy,Drama","Comedy"
"254","tt1178618","Wallander",7.38,12490,1041,4,90.1,"2008","2000s",8,"Crime,Drama,Mystery","Crime"
"255","tt1733785","The Bridge",8.11,39570,1041,4,57.5,"2011","2010s",7,"Crime,Mystery,Thriller","Crime"
"256","tt2191671","Elementary",7.83,158671,1030,7,42.4,"2012","2010s",7,"Crime,Drama,Mystery","Crime"
"257","tt2249007","Ray Donovan",8.2,84435,1030,7,52.7,"2013","2010s",7,"Crime,Drama","Crime"
"258","tt2077823","Perry Mason",7.93,16450,1028,2,56.5,"2020","2020s",3,"Crime,Drama,History","Crime"
"259","tt0098765","The Case-Book of Sherlock Holmes",7.46,9223,1025,3,68.4,"1991","1990s",2,"Crime,Drama,Mystery","Crime"
"260","tt0187664","Spaced",8.21,14341,1024,2,24.6,"1999","1990s",2,"Comedy","Comedy"
"261","tt7255502","The Kominsky Method",7.94,22338,1015,3,26.1,"2018","2010s",3,"Comedy,Drama","Comedy"
"262","tt8879940","Mythic Quest",7.67,40613,1015,4,26.7,"2020","2020s",5,"Comedy","Comedy"
"263","tt0063929","Monty Python's Flying Circus",7.93,45554,1012,4,30.1,"1969","1960s",5,"Comedy","Comedy"
"264","tt4643084","Counterpart",8.21,20165,1008,2,56.5,"2017","2010s",2,"Drama,Sci-Fi,Thriller","Thriller"
"265","tt0412253","Veronica Mars",7.71,72452,1006,4,43.9,"2004","2000s",15,"Crime,Drama,Mystery","Crime"
"266","tt0200276","The West Wing",8.2,155755,1005,7,45.2,"1999","1990s",7,"Drama","Drama"
"267","tt0496424","30 Rock",7.93,138424,996,7,24.7,"2006","2000s",7,"Comedy","Comedy"
"268","tt9055008","Evil",7.75,49664,993,4,49.2,"2019","2010s",5,"Crime,Drama,Horror","Crime"
"269","tt3520702","Bloodline",7.82,32684,990,3,57.1,"2015","2010s",2,"Drama,Thriller","Thriller"
"270","tt8179402","Fate: The Winx Saga",7.31,12866,990,2,51.2,"2021","2020s",1,"Action,Adventure,Drama","Action"
"271","tt7472896","Mr Inbetween",8.3,25601,985,3,26.3,"2018","2010s",3,"Comedy,Crime,Drama","Comedy"
"272","tt0212671","Malcolm in the Middle",7.81,148230,982,7,22.7,"2000","2000s",6,"Comedy,Family","Comedy"
"273","tt3501584","iZombie",7.96,69265,976,5,41.8,"2015","2010s",4,"Comedy,Crime,Drama","Comedy"
"274","tt6317068","Final Space",8.2,34942,971,3,21,"2018","2010s",3,"Action,Adventure,Animation","Action"
"275","tt5618256","Manhunt",7.92,17391,966,2,42.6,"2017","2010s",3,"Biography,Crime,Drama","Biography"
"276","tt5614844","Cloak & Dagger",7.23,19254,963,2,41.8,"2018","2010s",1,"Action,Adventure,Drama","Action"
"277","tt0103584","X-Men",7.49,73038,961,5,21.8,"1992","1990s",5,"Action,Adventure,Animation","Action"
"278","tt8634332","The Righteous Gemstones",8.16,31714,961,4,37.5,"2019","2010s",6,"Comedy,Drama","Comedy"
"279","tt1358522","White Collar",7.99,77764,960,6,43.7,"2009","2000s",5,"Comedy,Crime,Drama","Comedy"
"280","tt0096708","Tales from the Crypt",6.72,89032,957,7,26.9,"1989","1980s",7,"Comedy,Crime,Fantasy","Comedy"
"281","tt0238784","Gilmore Girls",7.97,146984,954,7,43.8,"2000","2000s",7,"Comedy,Drama","Comedy"
"282","tt2402207","The Last Ship",7.93,53303,952,5,41.9,"2014","2010s",4,"Action,Drama,Sci-Fi","Action"
"283","tt1199099","Merlin",8.05,61756,950,5,44.1,"2008","2000s",4,"Adventure,Drama,Fantasy","Adventure"
"284","tt1836037","Longmire",8.49,59796,949,6,52.6,"2012","2010s",5,"Action,Crime,Drama","Action"
"285","tt4452630","Code Black",8.6,44556,948,3,42.4,"2015","2010s",3,"Drama","Drama"
"286","tt7008682","Homecoming",7.58,16108,948,2,30.4,"2018","2010s",2,"Drama,Mystery,Thriller","Thriller"
"287","tt0118266","The New Batman Adventures",7.71,22723,947,2,21.5,"1997","1990s",2,"Action,Adventure,Animation","Action"
"288","tt10919486","Into the Night",6.92,11191,933,2,35.8,"2020","2020s",1,"Drama,Sci-Fi,Thriller","Thriller"
"289","tt0165598","That '70s Show",7.52,186112,931,8,22,"1998","1990s",8,"Comedy,Drama,Romance","Comedy"
"290","tt3865236","Into the Badlands",8.13,29662,927,3,42.5,"2015","2010s",4,"Action,Adventure,Drama","Action"
"291","tt6524350","Big Mouth",7.6,65758,926,7,27.4,"2017","2010s",8,"Animation,Comedy,Romance","Animation"
"292","tt0092379","Inspector Morse",7.78,30541,925,8,104,"1987","1980s",13,"Crime,Drama,Mystery","Crime"
"293","tt3339966","Unbreakable Kimmy Schmidt",7.7,46845,919,4,29.8,"2015","2010s",4,"Comedy","Comedy"
"294","tt4998350","The Deuce",8.13,22914,917,3,65.1,"2017","2010s",2,"Crime,Drama,Mystery","Crime"
"295","tt7053188","Station 19",7.82,96314,917,7,42.6,"2018","2010s",6,"Action,Drama,Romance","Action"
"296","tt1135300","Dollhouse",8.08,24692,915,2,47.2,"2009","2000s",1,"Drama,Mystery,Sci-Fi","Drama"
"297","tt0275137","Justice League",8.05,47284,909,2,23.3,"2001","2000s",3,"Action,Adventure,Animation","Action"
"298","tt2071645","The Following",7.56,40868,908,3,43.3,"2013","2010s",2,"Crime,Drama,Horror","Crime"
"299","tt0278238","Samurai Jack",8.45,56140,905,5,22.7,"2001","2000s",16,"Action,Adventure,Animation","Action"
"300","tt7562112","Pose",8.65,23462,902,3,54.4,"2018","2010s",3,"Drama","Drama"
"301","tt9184986","Barbarians",7.22,10817,901,2,47.1,"2020","2020s",2,"Action,Adventure,Drama","Action"
"302","tt1235099","Lie to Me",7.68,43172,899,3,46.1,"2009","2000s",2,"Crime,Drama,Mystery","Crime"
"303","tt10062292","Never Have I Ever",7.98,35847,896,4,28.3,"2020","2020s",3,"Comedy,Drama","Comedy"
"304","tt9522300","Kaguya-sama: Love is War",8.73,38427,894,4,23.9,"2019","2010s",4,"Animation,Comedy,Romance","Animation"
"305","tt3766376","Vice Principals",8.29,16045,891,2,30.9,"2016","2010s",1,"Comedy","Comedy"
"306","tt13623580","Reservation Dogs",8.29,24821,886,3,28,"2021","2020s",2,"Comedy,Crime","Comedy"
"307","tt9059594","Star Trek: Short Treks",7.05,8861,886,2,12.5,"2018","2010s",2,"Action,Adventure,Drama","Action"
"308","tt0840196","Skins",7.88,53968,885,7,45.8,"2007","2000s",6,"Drama","Drama"
"309","tt0105946","Babylon 5",7.81,97658,880,5,44.1,"1993","1990s",5,"Action,Adventure,Drama","Action"
"310","tt2452242","Happy!",7.93,15795,878,2,43,"2017","2010s",2,"Action,Comedy,Crime","Action"
"311","tt1578873","Pretty Little Liars",7.81,140038,875,7,45.1,"2010","2010s",7,"Drama,Mystery,Romance","Drama"
"312","tt0069637","Star Trek: The Animated Series",6.6,19201,873,2,23.4,"1973","1970s",2,"Action,Adventure,Animation","Action"
"313","tt0907702","Wallander",6.21,27793,869,3,90.3,"2005","2000s",8,"Crime,Drama,Mystery","Crime"
"314","tt0090509","The Return of Sherlock Holmes",7.98,11245,865,2,60.1,"1986","1980s",2,"Crime,Drama,Mystery","Crime"
"315","tt1548850","Misfits",7.64,32878,865,5,46.6,"2009","2000s",4,"Comedy,Drama,Fantasy","Comedy"
"316","tt1492966","Louie",8.18,52433,860,5,23.2,"2010","2010s",5,"Comedy,Drama","Comedy"
"317","tt2070791","Revolution",7.6,35764,852,2,44.4,"2012","2010s",2,"Action,Adventure,Drama","Action"
"318","tt2103085","Top of the Lake",7.42,10947,842,2,53.6,"2013","2010s",4,"Crime,Drama,Mystery","Crime"
"319","tt0159206","Sex and the City",7.54,79026,841,6,29.5,"1998","1990s",6,"Comedy,Drama,Romance","Comedy"
"320","tt0397442","Gossip Girl",7.6,101723,841,6,42,"2007","2000s",5,"Drama,Romance","Drama"
"321","tt5011816","Sneaky Pete",8.13,25169,839,3,49,"2015","2010s",4,"Comedy,Crime,Drama","Comedy"
"322","tt0112175","Spider-Man: The Animated Series",7.89,54447,838,5,21.6,"1994","1990s",4,"Action,Adventure,Animation","Action"
"323","tt13138834","Time",8.12,5028,838,2,60.3,"2021","2020s",2,"Crime,Drama","Crime"
"324","tt4474344","Blindspot",7.66,83808,838,5,42.8,"2015","2010s",5,"Action,Crime,Drama","Action"
"325","tt0187636","Farscape",7.66,72981,829,4,47,"1999","1990s",4,"Action,Adventure,Drama","Action"
"326","tt6025022","Justice League Unlimited",8.13,32329,829,3,23.7,"2004","2000s",2,"Action,Adventure,Animation","Action"
"327","tt2616280","Derek",7.99,11559,826,2,24.8,"2012","2010s",2,"Comedy,Drama","Comedy"
"328","tt9054904","Why Women Kill",8.11,16471,824,2,48.5,"2019","2010s",4,"Comedy,Crime,Drama","Comedy"
"329","tt5164196","Lethal Weapon",7.81,45141,821,3,43.4,"2016","2010s",3,"Action,Adventure,Comedy","Action"
"330","tt0805663","Jericho",7.77,24563,819,2,42.9,"2006","2000s",2,"Action,Drama,Mystery","Action"
"331","tt1845307","2 Broke Girls",7.02,112657,816,6,21.4,"2011","2010s",6,"Comedy","Comedy"
"332","tt3398540","Haikyu!!",8.51,69322,816,4,24,"2014","2010s",6,"Animation,Comedy,Drama","Animation"
"333","tt1286039","Stargate Universe",7.65,32115,803,2,44,"2009","2000s",2,"Drama,Sci-Fi","Drama"
"334","tt4122068","Humans",7.99,19098,796,3,47,"2015","2010s",3,"Drama,Sci-Fi","Drama"
"335","tt0158552","Charmed",7.74,142334,795,8,41.9,"1998","1990s",8,"Drama,Fantasy,Mystery","Drama"
"336","tt0247082","CSI: Crime Scene Investigation",7.7,265941,794,15,47.3,"2000","2000s",15,"Crime,Drama,Mystery","Crime"
"337","tt6877772","American Vandal",8.11,12708,794,2,33.3,"2017","2010s",1,"Comedy,Crime,Drama","Comedy"
"338","tt0262150","Black Books",7.95,14271,793,3,24.2,"2000","2000s",4,"Comedy","Comedy"
"339","tt6439752","Snowfall",8.16,47241,787,6,46.7,"2017","2010s",6,"Crime,Drama","Crime"
"340","tt4209256","Colony",7.79,28290,786,3,42.2,"2016","2010s",2,"Action,Adventure,Drama","Action"
"341","tt4254242","The Magicians",8.1,50701,780,5,43.5,"2015","2010s",5,"Drama,Fantasy,Mystery","Drama"
"342","tt5531466","DuckTales",8.1,53655,778,3,23.9,"2017","2010s",4,"Action,Adventure,Animation","Action"
"343","tt1103987","Leverage",8.36,59847,777,5,42.9,"2008","2000s",4,"Crime,Mystery,Thriller","Crime"
"344","tt3877200","The Missing",8.25,12437,777,2,58.1,"2014","2010s",2,"Crime,Drama,Mystery","Crime"
"345","tt0758790","The Tudors",7.85,29492,776,4,52.6,"2007","2000s",3,"Drama,History,Romance","Drama"
"346","tt8369840","Another Life",6.59,15472,774,2,42.4,"2019","2010s",2,"Adventure,Drama,Mystery","Adventure"
"347","tt0387764","Peep Show",8.11,41732,773,9,24.6,"2003","2000s",12,"Comedy","Comedy"
"348","tt8201186","The Capture",8.27,9268,772,2,59.2,"2019","2010s",3,"Crime,Mystery,Thriller","Crime"
"349","tt1462059","Falling Skies",7.35,39959,768,5,42.3,"2011","2010s",4,"Action,Adventure,Drama","Action"
"350","tt4354880","Mr. Mercedes",7.69,23017,767,3,53.8,"2017","2010s",2,"Crime,Drama,Mystery","Crime"
"351","tt1942683","The Amazing World of Gumball",7.99,183804,766,6,11.1,"2011","2010s",15,"Adventure,Animation,Comedy","Adventure"
"352","tt4159076","Dark Matter",7.77,29784,764,3,43.4,"2015","2010s",2,"Adventure,Drama,Mystery","Adventure"
"353","tt0111987","Goosebumps",6.92,56140,759,4,22,"1995","1990s",3,"Adventure,Comedy,Drama","Adventure"
"354","tt0925266","Pushing Daisies",8.3,16677,758,2,42.5,"2007","2000s",2,"Comedy,Drama,Fantasy","Comedy"
"355","tt0098800","The Fresh Prince of Bel-Air",7.46,112031,757,6,24.5,"1990","1990s",6,"Comedy","Comedy"
"356","tt0319969","Carnivàle",8.1,18061,753,2,52.4,"2003","2000s",2,"Drama,Fantasy,Mystery","Drama"
"357","tt11847842","The Tourist",7.14,8973,748,2,57.8,"2022","2020s",2,"Action,Drama,Mystery","Action"
"358","tt7971476","The Politician",7.89,11163,744,2,43.5,"2019","2010s",1,"Comedy,Drama","Comedy"
"359","tt7375404","Kidding",8.11,14831,742,2,29.2,"2018","2010s",2,"Comedy,Drama","Comedy"
"360","tt4378376","Babylon Berlin",7.92,29496,737,4,47.2,"2017","2010s",8,"Crime,Drama,Thriller","Crime"
"361","tt1442462","The Good Wife",8,114446,734,7,43.6,"2009","2000s",7,"Crime,Drama,Mystery","Crime"
"362","tt14500082","How I Met Your Father",6.95,22022,734,2,22.7,"2022","2020s",1,"Comedy,Drama","Comedy"
"363","tt2699110","The Affair",7.75,38599,728,5,58.7,"2014","2010s",5,"Drama","Drama"
"364","tt0310455","Foyle's War",8.31,20282,724,8,93.4,"2002","2000s",13,"Crime,Drama,Mystery","Crime"
"365","tt3230454","The Last Man on Earth",7.33,48412,723,4,22.5,"2015","2010s",3,"Action,Comedy,Drama","Action"
"366","tt0361243","Star Wars: Clone Wars",8,18009,720,3,6,"2003","2000s",2,"Action,Adventure,Animation","Action"
"367","tt1723816","Girls",7.54,44127,712,6,28.5,"2012","2010s",5,"Comedy,Drama","Comedy"
"368","tt0439100","Weeds",7.6,71931,705,8,29.1,"2005","2000s",7,"Comedy,Crime,Drama","Comedy"
"369","tt12235718","Hellbound",6.72,8458,705,2,50.3,"2021","2020s",3,"Crime,Drama,Fantasy","Crime"
"370","tt1699748","Hell on Wheels",8.21,40069,703,5,43.7,"2011","2010s",5,"Drama,Western","Western"
"371","tt0081912","Only Fools and Horses",8.3,44948,702,9,44.1,"1981","1980s",22,"Comedy","Comedy"
"372","tt0111958","Father Ted",8.28,17519,701,3,25.3,"1995","1990s",3,"Comedy","Comedy"
"373","tt0410975","Desperate Housewives",7.97,126226,701,8,43.4,"2004","2000s",8,"Comedy,Drama,Mystery","Comedy"
"374","tt0874608","Inspector Lewis",7.84,29417,700,9,71.1,"2006","2000s",9,"Crime,Drama,Mystery","Crime"
"375","tt2543312","Halt and Catch Fire",8.19,27889,697,4,44.7,"2014","2010s",3,"Drama","Drama"
"376","tt4428122","Quantico",6.9,39675,696,3,42.7,"2015","2010s",3,"Crime,Drama,Mystery","Crime"
"377","tt4181172","Shooter",7.71,21543,695,3,41.3,"2016","2010s",2,"Action,Drama","Action"
"378","tt4555364","Knightfall",7.73,12360,687,2,43.6,"2017","2010s",2,"Action,Adventure,Drama","Action"
"379","tt0056777","The Outer Limits",7.18,33614,686,2,51.1,"1963","1960s",2,"Drama,Fantasy,Horror","Drama"
"380","tt0047708","Alfred Hitchcock Presents",7.07,182782,682,7,29.8,"1955","1950s",7,"Crime,Drama,Mystery","Crime"
"381","tt7817340","New Amsterdam",7.79,60477,680,5,42.8,"2018","2010s",4,"Drama","Drama"
"382","tt2193041","Beauty and the Beast",8.09,47230,675,4,41.7,"2012","2010s",4,"Drama,Horror,Romance","Drama"
"383","tt0460091","My Name Is Earl",7.7,64412,671,4,23,"2005","2000s",4,"Comedy","Comedy"
"384","tt14016500","The Summer I Turned Pretty",7.63,10060,671,2,49.1,"2022","2020s",3,"Drama,Romance","Drama"
"385","tt14124236","Frasier",7.3,13334,667,2,27.1,"2023","2020s",1,"Comedy","Comedy"
"386","tt2647544","Sleepy Hollow",7.58,41041,662,4,43.9,"2013","2010s",4,"Action,Adventure,Crime","Action"
"387","tt1307824","V",7.31,15196,661,2,43.3,"2009","2000s",2,"Drama,Sci-Fi,Thriller","Thriller"
"388","tt3281796","Power",8.28,41600,660,6,59.9,"2014","2010s",6,"Crime,Drama","Crime"
"389","tt5137338","Victoria",8.07,16397,656,3,51.8,"2016","2010s",3,"Biography,Drama,History","Biography"
"390","tt0068098","M*A*S*H",7.8,164191,654,11,25.8,"1972","1970s",11,"Comedy,Drama,War","Comedy"
"391","tt12614214","The Afterparty",7.41,11771,654,2,35.3,"2022","2020s",1,"Comedy,Crime,Mystery","Comedy"
"392","tt0478942","Life on Mars",8.11,10295,643,2,52.4,"2006","2000s",1,"Crime,Drama,Mystery","Crime"
"393","tt3663490","The Librarians",7.91,26986,643,4,43.1,"2014","2010s",4,"Action,Adventure,Comedy","Action"
"394","tt4276624","Krypton",7.6,12729,636,2,42.8,"2018","2010s",1,"Action,Adventure,Drama","Action"
"395","tt4975856","Future Man",7.65,21521,633,3,28.9,"2017","2010s",3,"Action,Adventure,Comedy","Action"
"396","tt1582457","The Borgias",7.9,18173,627,3,51.1,"2011","2010s",2,"Crime,Drama,History","Crime"
"397","tt1751105","My Little Pony: Friendship Is Magic",7.72,138596,627,9,22.3,"2010","2010s",9,"Adventure,Animation,Comedy","Adventure"
"398","tt0758745","Friday Night Lights",8.16,47598,626,5,43.2,"2006","2000s",5,"Drama,Sport","Drama"
"399","tt0866442","Eastbound & Down",8.01,18126,625,4,28.5,"2009","2000s",4,"Comedy,Drama,Sport","Comedy"
"400","tt0147746","Batman Beyond",7.69,32465,624,3,22,"1999","1990s",2,"Action,Adventure,Animation","Action"
"401","tt6632666","Project Blue Book",7.96,12466,623,2,43.5,"2019","2010s",1,"Drama,Mystery,Sci-Fi","Drama"
"402","tt5853176","The Good Fight",7.95,37300,622,6,50.2,"2017","2010s",5,"Crime,Drama","Crime"
"403","tt0237123","Coupling",8.4,17304,618,4,29.4,"2000","2000s",4,"Comedy,Romance","Comedy"
"404","tt0362359","The O.C.",7.84,56312,612,4,43.3,"2003","2000s",4,"Comedy,Drama,Romance","Comedy"
"405","tt1132290","Warehouse 13",7.84,38885,608,5,43.8,"2009","2000s",5,"Adventure,Drama,Mystery","Adventure"
"406","tt6474378","Good Girls",7.69,30308,606,4,42.2,"2018","2010s",3,"Comedy,Crime,Drama","Comedy"
"407","tt1830379","Top Boy",8.24,19348,605,5,52.1,"2011","2010s",12,"Crime,Drama,Thriller","Crime"
"408","tt0056751","Doctor Who",7.23,418407,602,26,24.9,"1963","1960s",26,"Adventure,Drama,Family","Adventure"
"409","tt1592154","Nikita",8.28,43666,598,4,44.2,"2010","2010s",3,"Action,Crime,Drama","Action"
"410","tt0096684","Quantum Leap",7.56,57895,597,5,49,"1989","1980s",4,"Action,Adventure,Drama","Action"
"411","tt3514324","Scorpion",7.58,55445,596,4,41.8,"2014","2010s",4,"Action,Crime,Drama","Action"
"412","tt0988818","Gintama",8.18,217987,594,8,24,"2005","2000s",16,"Action,Animation,Comedy","Action"
"413","tt4326894","F Is for Family",7.9,26020,591,5,27.6,"2015","2010s",6,"Animation,Comedy,Drama","Animation"
"414","tt0083505","The Young Ones",8.3,7007,584,2,34.2,"1982","1980s",2,"Comedy","Comedy"
"415","tt5715524","Mayans M.C.",7.89,29084,582,5,57,"2018","2010s",5,"Crime,Drama,Thriller","Crime"
"416","tt0083399","Cheers",7.65,156620,580,11,30.4,"1982","1980s",11,"Comedy,Drama","Comedy"
"417","tt2183404","Rectify",8.47,17338,578,4,46.6,"2013","2010s",3,"Drama","Drama"
"418","tt3488298","American Crime",8.19,16680,575,3,46,"2015","2010s",2,"Crime,Drama","Crime"
"419","tt1844923","Friday Night Dinner",7.78,21199,573,6,23.8,"2011","2010s",9,"Comedy","Comedy"
"420","tt3609352","Grace and Frankie",7.96,53898,573,7,29.1,"2015","2010s",7,"Comedy","Comedy"
"421","tt0112230","Xena: Warrior Princess",7.34,76701,572,6,45,"1995","1990s",6,"Action,Adventure,Drama","Action"
"422","tt8295472","The Order",7.38,11261,563,2,47.5,"2019","2010s",1,"Drama,Fantasy,Horror","Drama"
"423","tt2581458","Looking",8.44,10124,562,2,28.1,"2014","2010s",1,"Comedy,Drama,Romance","Comedy"
"424","tt11680642","Pantheon",8.56,8977,561,2,41.9,"2022","2020s",1,"Action,Animation,Drama","Action"
"425","tt1600194","Hawaii Five-0",7.79,134556,561,10,43.4,"2010","2010s",10,"Action,Crime,Drama","Action"
"426","tt0115378","Superman: The Animated Series",7.89,30222,560,3,21.4,"1996","1990s",4,"Action,Adventure,Animation","Action"
"427","tt6554240","Heels",8.27,8825,552,2,57.6,"2021","2020s",2,"Drama,Sport","Drama"
"428","tt0810788","Burn Notice",8.09,61101,550,7,43,"2007","2000s",6,"Action,Crime,Drama","Action"
"429","tt2051178","Fate/Zero",8.28,13719,549,2,25,"2011","2010s",1,"Action,Adventure,Animation","Action"
"430","tt0115167","Everybody Loves Raymond",7.73,114159,544,9,24.8,"1996","1990s",9,"Comedy","Comedy"
"431","tt0796264","Eureka",7.79,41734,542,5,45.8,"2006","2000s",6,"Adventure,Comedy,Drama","Adventure"
"432","tt6170874","Salvation",7.42,14096,542,2,45.4,"2017","2010s",1,"Drama,Sci-Fi,Thriller","Thriller"
"433","tt6794990","Absentia",7.57,16238,541,3,41.9,"2017","2010s",3,"Crime,Drama,Mystery","Crime"
"434","tt8336340","Star Wars: Resistance",6.51,20519,540,2,23.2,"2018","2010s",2,"Action,Adventure,Animation","Action"
"435","tt2137109","Masters of Sex",7.98,24697,537,4,56.7,"2013","2010s",3,"Drama,Romance","Drama"
"436","tt1073507","Party Down",8.07,13943,536,3,28.7,"2009","2000s",14,"Comedy,Drama","Comedy"
"437","tt0088526","The Golden Girls",7.66,94717,535,7,29.9,"1985","1980s",7,"Comedy,Drama","Comedy"
"438","tt0086759","Miami Vice",7.53,59316,534,5,48.9,"1984","1980s",5,"Action,Crime,Drama","Action"
"439","tt1660055","Scooby-Doo! Mystery Incorporated",8.03,27783,534,2,23,"2010","2010s",3,"Adventure,Animation,Comedy","Adventure"
"440","tt1837576","Scandal",7.87,66127,533,7,43.5,"2012","2010s",6,"Drama,Thriller","Thriller"
"441","tt0285333","Alias",7.71,55897,532,5,43.8,"2001","2000s",5,"Action,Drama,Mystery","Action"
"442","tt4939064","Mars",7.42,6897,531,2,46.5,"2016","2010s",2,"Adventure,Drama,Sci-Fi","Adventure"
"443","tt4820370","Channel Zero",7.39,12715,530,4,42.6,"2016","2010s",2,"Drama,Fantasy,Horror","Drama"
"444","tt5288312","Skam",8.19,22520,524,4,27.9,"2015","2010s",2,"Drama,Romance","Drama"
"445","tt6385540","Hilda",8.39,17794,523,3,26.3,"2018","2010s",5,"Adventure,Animation,Drama","Adventure"
"446","tt0343314","Teen Titans",8.02,33857,521,5,23.1,"2003","2000s",3,"Action,Adventure,Animation","Action"
"447","tt4602768","Doctor Foster: A Woman Scorned",7.73,5173,517,2,57.3,"2015","2010s",2,"Drama,Mystery,Thriller","Thriller"
"448","tt3079768","Dominion",7.8,10761,512,2,45.3,"2014","2010s",1,"Action,Drama,Fantasy","Action"
"449","tt17047510","The Santa Clauses",6.86,6123,510,2,32.7,"2022","2020s",1,"Comedy,Drama,Family","Comedy"
"450","tt4082744","Detectorists",8.09,10033,502,3,31,"2014","2010s",8,"Comedy","Comedy"
"451","tt5562056","Easy",6.75,12488,500,3,30.1,"2016","2010s",3,"Comedy","Comedy"
"452","tt9686194","War of the Worlds",7.02,12007,500,3,47.4,"2019","2010s",3,"Drama,Mystery,Sci-Fi","Drama"
"453","tt0459159","The Thick of It",8.12,11968,499,4,33.1,"2005","2000s",7,"Comedy","Comedy"
"454","tt0106064","Mighty Morphin Power Rangers",6.81,77726,498,3,20.7,"1993","1990s",3,"Action,Adventure,Family","Action"
"455","tt1192169","Ben 10: Alien Force",7.67,22811,496,3,23.4,"2008","2000s",2,"Action,Adventure,Animation","Action"
"456","tt0108757","ER",7.85,161883,489,15,48.9,"1994","1990s",15,"Drama,Romance","Drama"
"457","tt0055657","The Alfred Hitchcock Hour",7.27,45390,488,3,54,"1962","1960s",3,"Crime,Drama,Horror","Crime"
"458","tt9795876","Star Trek: Prodigy",7.99,19447,486,2,23.9,"2021","2020s",3,"Action,Adventure,Animation","Action"
"459","tt1526318","Borgen",7.93,18400,484,4,57.6,"2010","2010s",12,"Drama","Drama"
"460","tt3250026","Zoo",7.23,18585,477,3,43.2,"2015","2010s",2,"Drama,Mystery,Sci-Fi","Drama"
"461","tt5057130","Medici",8.06,11394,475,3,54.3,"2016","2010s",3,"Biography,Drama,History","Biography"
"462","tt10436228","Jurassic World Camp Cretaceous",7.37,23627,473,6,24.2,"2020","2020s",2,"Action,Adventure,Animation","Action"
"463","tt2758950","Helix",7.32,12303,473,2,42.3,"2014","2010s",1,"Drama,Horror,Mystery","Horror"
"464","tt1958961","Lilyhammer",7.62,11296,471,3,45,"2012","2010s",2,"Comedy,Crime,Drama","Comedy"
"465","tt2275990","The Bletchley Circle",7.77,3294,471,2,44.9,"2012","2010s",2,"Crime,Drama,History","Crime"
"466","tt2578560","Broad City",8.09,23544,471,5,21.6,"2014","2010s",5,"Comedy","Comedy"
"467","tt5540054","The Tick",7.46,10335,470,2,25.8,"2016","2010s",3,"Action,Adventure,Comedy","Action"
"468","tt0908454","Gavin & Stacey",7.97,9327,466,3,30.8,"2007","2000s",17,"Comedy,Drama,Romance","Comedy"
"469","tt0373732","The Boondocks",7.97,25974,464,4,22,"2005","2000s",9,"Action,Animation,Comedy","Action"
"470","tt1988386","Miss Fisher's Murder Mysteries",7.73,15782,464,3,53.7,"2012","2010s",3,"Crime,Drama,History","Crime"
"471","tt1551632","Rizzoli & Isles",7.73,48267,460,7,43.4,"2010","2010s",6,"Crime,Drama,Mystery","Crime"
"472","tt1626038","The Avengers: Earth's Mightiest Heroes",8.15,23944,460,2,23.7,"2010","2010s",14,"Action,Adventure,Animation","Action"
"473","tt0368479","Cold Case",7.78,71332,457,7,45.6,"2003","2000s",7,"Crime,Drama,Mystery","Crime"
"474","tt1734135","Trollhunters: Tales of Arcadia",8.15,23631,454,3,22,"2016","2010s",2,"Action,Adventure,Animation","Action"
"475","tt1821681","Touch",7.62,11771,453,2,44,"2012","2010s",1,"Drama,Mystery,Sci-Fi","Drama"
"476","tt11212276","The Sex Lives of College Girls",7.67,13548,452,3,28.8,"2021","2020s",4,"Comedy","Comedy"
"477","tt8146754","Infinity Train",8.37,18044,451,4,11,"2019","2010s",2,"Action,Adventure,Animation","Action"
"478","tt1519931","Haven",7.74,35056,449,5,44.3,"2010","2010s",5,"Crime,Drama,Fantasy","Crime"
"479","tt0348913","Dead Like Me",7.91,12963,447,2,44.6,"2003","2000s",1,"Comedy,Drama,Fantasy","Comedy"
"480","tt3502172","Mozart in the Jungle",7.88,17763,444,4,27.6,"2014","2010s",4,"Comedy,Drama,Music","Comedy"
"481","tt1430509","Inspector George Gently",8.19,10989,440,8,89.7,"2007","2000s",10,"Crime,Drama,Mystery","Crime"
"482","tt2183641","Ripper Street",8.16,15837,440,5,66.2,"2012","2010s",4,"Crime,Drama,Mystery","Crime"
"483","tt6964748","Alex Rider",7.8,10565,440,3,44.5,"2020","2020s",4,"Action,Adventure,Drama","Action"
"484","tt2189221","Defiance",7.62,16969,435,3,43.5,"2013","2010s",2,"Action,Drama,Sci-Fi","Action"
"485","tt0118363","Jonathan Creek",7.47,13895,434,5,63.8,"1997","1990s",19,"Comedy,Crime,Drama","Comedy"
"486","tt0368530","One Tree Hill",8.26,81177,434,9,47.6,"2003","2000s",9,"Drama,Romance,Sport","Drama"
"487","tt0108906","The Kingdom",7.45,5634,433,3,65.9,"1994","1990s",28,"Comedy,Drama,Fantasy","Comedy"
"488","tt10611608","The Cuphead Show!",7.47,15571,433,3,15.3,"2022","2020s",3,"Action,Adventure,Animation","Action"
"489","tt0118375","King of the Hill",7.49,111420,432,13,23,"1997","1990s",29,"Animation,Comedy,Drama","Animation"
"490","tt0086765","Murder, She Wrote",7.48,113645,430,12,47.9,"1984","1980s",12,"Crime,Drama,Mystery","Crime"
"491","tt1819509","Don't Trust the B---- in Apartment 23",7.34,11142,429,2,21.1,"2012","2010s",1,"Comedy","Comedy"
"492","tt0458253","The Closer",8.21,46463,426,7,49.7,"2005","2000s",7,"Crime,Drama,Mystery","Crime"
"493","tt11083696","Cruel Summer",7.36,8519,426,2,41.9,"2021","2020s",2,"Drama,Mystery,Thriller","Thriller"
"494","tt2521668","The Returned",7.63,6751,422,2,54.6,"2012","2010s",3,"Drama,Fantasy,Horror","Drama"
"495","tt2733252","The Musketeers",8,12498,417,3,55.9,"2014","2010s",2,"Action,Adventure,Drama","Action"
"496","tt0204993","Dark Angel",7.47,17486,416,2,45.6,"2000","2000s",2,"Action,Drama,Mystery","Action"
"497","tt1622696","Ben 10: Ultimate Alien",7.79,21600,415,3,22.9,"2010","2010s",2,"Action,Adventure,Animation","Action"
"498","tt7529770","Miracle Workers",7.08,15364,415,4,20.5,"2019","2010s",4,"Comedy,Drama,Fantasy","Comedy"
"499","tt0361217","Nip/Tuck",7.77,41307,413,6,45.6,"2003","2000s",7,"Drama","Drama"
"500","tt15875168","Mo",7.91,6545,409,2,27.6,"2022","2020s",3,"Comedy,Drama","Comedy"
"501","tt0043208","I Love Lucy",8.26,73766,408,6,30.1,"1951","1950s",6,"Comedy","Comedy"
"502","tt1604099","Victorious",7.48,23277,408,4,25.1,"2010","2010s",3,"Comedy,Drama,Family","Comedy"
"503","tt5638056","The Mick",7.71,15016,406,2,22.4,"2017","2010s",1,"Comedy","Comedy"
"504","tt0118475","Spawn",7.96,7272,404,3,27.4,"1997","1990s",2,"Action,Adventure,Animation","Action"
"505","tt1582350","Episodes",7.73,16582,404,5,28.9,"2011","2010s",6,"Comedy","Comedy"
"506","tt3837246","Assasination Classroom",7.59,18955,403,2,23,"2013","2010s",3,"Action,Animation,Comedy","Action"
"507","tt0402711","Boston Legal",8.07,40608,402,5,43.8,"2004","2000s",4,"Comedy,Crime,Drama","Comedy"
"508","tt5197820","Van Helsing",6.96,26158,402,5,42.3,"2016","2010s",5,"Action,Drama,Fantasy","Action"
"509","tt2433738","Wentworth",8.71,40054,401,9,46.4,"2013","2010s",8,"Crime,Drama,Thriller","Crime"
"510","tt6519410","Black Spot",7.23,6408,400,2,55.1,"2017","2010s",2,"Crime,Drama,Horror","Crime"
"511","tt0106080","The Nanny",7.69,57826,399,6,29.6,"1993","1990s",6,"Comedy,Family,Romance","Comedy"
"512","tt0874936","Life",7.88,12752,398,2,46,"2007","2000s",2,"Crime,Drama,Mystery","Crime"
"513","tt3155320","Extant",7.25,10343,398,2,45.3,"2014","2010s",1,"Drama,Sci-Fi,Thriller","Thriller"
"514","tt0088478","Amazing Stories",6.47,17776,395,2,25.7,"1985","1980s",2,"Adventure,Comedy,Drama","Adventure"
"515","tt0280249","Dragon Ball",7.66,60151,393,9,24,"1995","1990s",8,"Action,Adventure,Animation","Action"
"516","tt0313043","CSI: Miami",7.28,91168,393,10,46.7,"2002","2000s",10,"Action,Crime,Drama","Action"
"517","tt1186356","Whitechapel",7.65,7081,393,4,45.4,"2009","2000s",4,"Crime,Mystery,Thriller","Crime"
"518","tt6064882","Room 104",6.15,18887,393,4,25.3,"2017","2010s",3,"Comedy,Drama,Fantasy","Comedy"
"519","tt0844653","Legend of the Seeker",7.88,17245,392,2,43.5,"2008","2000s",2,"Action,Adventure,Drama","Action"
"520","tt2406376","The Bridge",7.72,10194,392,2,43.5,"2013","2010s",1,"Crime,Drama,Mystery","Crime"
"521","tt1255913","Bored to Death",7.52,9365,390,3,26.7,"2009","2000s",2,"Comedy,Crime,Drama","Comedy"
"522","tt0914387","Damages",8.05,22940,389,5,48.3,"2007","2000s",5,"Crime,Drama,Mystery","Crime"
"523","tt0988820","The Inspector Lynley Mysteries",7.45,8957,389,6,91.4,"2001","2000s",6,"Crime,Drama,Mystery","Crime"
"524","tt0080306","Yes Minister",8.34,8466,385,3,30.9,"1980","1980s",4,"Comedy","Comedy"
"525","tt11407524","Hostel Daze",7.73,8081,385,4,34.5,"2019","2010s",4,"Comedy,Drama","Comedy"
"526","tt19500224","Based on a True Story",7.5,6146,384,2,28.5,"2023","2020s",1,"Comedy","Comedy"
"527","tt3228420","You're the Worst",8,23796,384,5,25,"2014","2010s",5,"Comedy,Drama,Romance","Comedy"
"528","tt9811316","Hit-Monkey",7.9,7690,384,2,23.8,"2021","2020s",3,"Action,Adventure,Animation","Action"
"529","tt5194792","NOS4A2",7.28,7573,379,2,45,"2019","2010s",1,"Drama,Fantasy,Horror","Drama"
"530","tt9304350","Fruits Basket",8.34,23820,378,3,24,"2019","2010s",2,"Animation,Comedy,Drama","Animation"
"531","tt5464086","Midnight, Texas",7.86,7172,377,2,42.1,"2017","2010s",1,"Drama,Fantasy,Mystery","Drama"
"532","tt0080240","Magnum, P.I.",7.67,59392,376,8,49.7,"1980","1980s",8,"Action,Adventure,Crime","Action"
"533","tt0179552","The Adventures of Tintin",7.36,14680,376,3,24,"1991","1990s",1,"Action,Adventure,Animation","Action"
"534","tt0103376","Bottom",8.4,6745,375,3,29.5,"1991","1990s",4,"Comedy","Comedy"
"535","tt0111999","Hercules: The Legendary Journeys",6.78,41633,375,6,44,"1995","1990s",4,"Action,Adventure,Drama","Action"
"536","tt0096694","Saved by the Bell",7.31,32069,373,4,22.6,"1989","1980s",3,"Comedy,Family,Romance","Comedy"
"537","tt7187044","City on a Hill",7.85,9626,370,3,57,"2019","2010s",3,"Crime,Drama,Thriller","Crime"
"538","tt0115270","Millennium",7.47,24627,368,3,59.5,"1996","1990s",3,"Crime,Drama,Horror","Crime"
"539","tt0808096","Primeval",7.53,13247,368,5,46,"2007","2000s",4,"Action,Adventure,Drama","Action"
"540","tt11899030","The Responder",7.73,3678,368,2,50.7,"2022","2020s",2,"Crime,Drama,Thriller","Crime"
"541","tt13444408","Kin",7.88,5888,368,2,48.9,"2021","2020s",2,"Crime,Drama","Crime"
"542","tt3502262","Transparent",7.71,15443,368,5,29.5,"2014","2010s",5,"Comedy,Drama","Comedy"
"543","tt14626352","Komi Can't Communicate",7.88,8818,367,2,24,"2021","2020s",1,"Animation,Comedy,Drama","Animation"
"544","tt0088559","MacGyver",7.3,50879,366,7,50.9,"1985","1980s",7,"Action,Adventure,Crime","Action"
"545","tt3952222","Killjoys",7.8,18293,366,5,42.7,"2015","2010s",4,"Action,Adventure,Sci-Fi","Action"
"546","tt0157246","Will & Grace",7.7,89823,365,11,22.5,"1998","1990s",22,"Comedy,Romance","Comedy"
"547","tt0862620","The Sarah Jane Adventures",7.56,19712,365,5,27.6,"2007","2000s",4,"Action,Adventure,Drama","Action"
"548","tt0220880","Courage the Cowardly Dog",7.93,18937,364,4,23,"1999","1990s",3,"Adventure,Animation,Comedy","Adventure"
"549","tt0408381","Doc Martin",8.07,28718,364,10,47.7,"2004","2000s",18,"Comedy,Drama,Romance","Comedy"
"550","tt3501074","Madam Secretary",7.57,43662,364,6,43.3,"2014","2010s",5,"Drama,Thriller","Thriller"
"551","tt9179552","Dr. Death",7.66,5817,364,2,49.8,"2021","2020s",2,"Crime,Drama,Thriller","Crime"
"552","tt4607112","Tin Star",7.32,9068,363,3,48.1,"2017","2010s",3,"Crime,Drama,Thriller","Crime"
"553","tt6461726","A.P. Bio",7.68,15198,362,4,22,"2018","2010s",3,"Comedy","Comedy"
"554","tt2710394","Reign",7.69,28161,361,4,41.9,"2013","2010s",4,"Drama,History,Romance","Drama"
"555","tt1533435","Miranda",8.41,6483,360,3,29.6,"2009","2000s",6,"Comedy","Comedy"
"556","tt4374208","Catastrophe",7.72,8646,360,4,25.2,"2015","2010s",4,"Comedy","Comedy"
"557","tt0115082","3rd Rock from the Sun",7.77,49920,359,6,22.3,"1996","1990s",5,"Comedy,Family,Sci-Fi","Comedy"
"558","tt0094582","The Wonder Years",8.17,41151,358,6,25.1,"1988","1980s",5,"Comedy,Drama,Family","Comedy"
"559","tt0275140","Law & Order: Criminal Intent",7.94,69858,358,10,47.3,"2001","2000s",10,"Crime,Drama,Mystery","Crime"
"560","tt0108967","A Touch of Frost",7.92,15006,357,15,96.3,"1992","1990s",18,"Crime,Drama,Mystery","Crime"
"561","tt0112095","NewsRadio",7.6,34630,357,5,22.8,"1995","1990s",4,"Comedy,Romance","Comedy"
"562","tt8324422","PEN15",8.07,8927,357,2,30.4,"2019","2010s",2,"Comedy,Drama","Comedy"
"563","tt14801528","The BBC Television Shakespeare",7.39,2491,356,2,165.6,"1978","1970s",7,"Drama","Drama"
"564","tt0084967","The A-Team",7.03,34399,355,5,49.3,"1983","1980s",4,"Action,Adventure,Crime","Action"
"565","tt0071007","Little House on the Prairie",7.78,72313,354,9,50.5,"1974","1970s",9,"Drama,Family,Romance","Drama"
"566","tt0129690","I'm Alan Partridge",8.47,4248,354,2,28.5,"1997","1990s",5,"Comedy","Comedy"
"567","tt8259142","Baptiste",7.45,4244,354,2,56.6,"2019","2010s",2,"Crime,Drama,Thriller","Crime"
"568","tt2963254","Salem",7.59,12723,353,3,45.7,"2014","2010s",3,"Drama,Fantasy,Horror","Drama"
"569","tt5024912","Insecure",7.83,15524,353,5,32,"2016","2010s",5,"Comedy,Drama,Romance","Comedy"
"570","tt0050051","Perry Mason",8.02,94890,350,9,57.9,"1957","1950s",9,"Crime,Drama,Mystery","Crime"
"571","tt5015548","Agatha Raisin",7.32,6995,350,4,74.7,"2014","2010s",8,"Comedy,Crime,Drama","Comedy"
"572","tt3566726","Jane the Virgin",7.9,34901,349,5,41.9,"2014","2010s",5,"Comedy,Drama","Comedy"
"573","tt0375355","Joey",7.18,16002,348,2,26.9,"2004","2000s",2,"Comedy,Romance","Comedy"
"574","tt9257258","Kevin Can F**k Himself",7.56,5565,348,2,43.6,"2021","2020s",1,"Comedy,Drama","Comedy"
"575","tt5620076","Chance",8.34,6944,347,2,47.2,"2016","2010s",1,"Drama,Mystery,Thriller","Thriller"
"576","tt0053479","The Andy Griffith Show",7.61,86201,346,8,28.8,"1960","1960s",8,"Comedy,Family","Comedy"
"577","tt2230051","High School DxD",7.32,18296,345,4,25,"2012","2010s",6,"Action,Animation,Comedy","Action"
"578","tt9012876","Firefly Lane",7.89,8970,345,2,51.5,"2021","2020s",2,"Drama,Romance","Drama"
"579","tt0972534","iCarly",7.16,32633,344,6,26.5,"2007","2000s",5,"Comedy,Family,Romance","Comedy"
"580","tt1610527","Workaholics",7.94,29558,344,7,21.6,"2011","2010s",6,"Comedy","Comedy"
"581","tt2155025","Please Like Me",8.31,10991,343,4,25.7,"2013","2010s",3,"Comedy,Drama,Romance","Comedy"
"582","tt1615919","Raising Hope",7.86,30076,342,4,22.2,"2010","2010s",4,"Comedy,Family","Comedy"
"583","tt1652216","DCI Banks",7.62,10949,342,5,46.5,"2010","2010s",6,"Crime,Drama,Mystery","Crime"
"584","tt0072564","Space: 1999",6.59,16356,341,2,58.7,"1975","1970s",2,"Adventure,Drama,Sci-Fi","Adventure"
"585","tt0105929","Absolutely Fabulous",8.15,13314,341,6,30.8,"1992","1990s",20,"Comedy","Comedy"
"586","tt0112111","The Outer Limits",6.98,51797,341,7,45.2,"1995","1990s",7,"Drama,Fantasy,Horror","Drama"
"587","tt1832979","Hart of Dixie",7.71,25867,340,4,42.2,"2011","2010s",4,"Comedy,Drama,Romance","Comedy"
"588","tt8354062","One Of Us Is Lying",7.58,5430,339,2,48.6,"2021","2020s",1,"Crime,Drama,Mystery","Crime"
"589","tt0071042","The Rockford Files",7.94,40071,337,6,58,"1974","1970s",6,"Crime,Drama,Mystery","Crime"
"590","tt0118300","Dawson's Creek",7.48,43118,337,6,44.1,"1998","1990s",5,"Drama,Romance","Drama"
"591","tt1229413","Hung",7.39,10109,337,3,28.8,"2009","2000s",2,"Comedy,Drama","Comedy"
"592","tt5541338","Six",7.51,6398,337,2,42.9,"2017","2010s",1,"Action,Drama,History","Action"
"593","tt0057733","Bewitched",7.55,85329,336,8,27.2,"1964","1960s",8,"Comedy,Family,Fantasy","Comedy"
"594","tt3768572","Aquarius",7.53,8722,335,2,42.8,"2015","2010s",1,"Biography,Crime,Drama","Biography"
"595","tt5912064","Kim's Convenience",7.57,21803,335,5,22,"2016","2010s",5,"Comedy","Comedy"
"596","tt4124758","Instinct",7.55,8027,334,2,41.8,"2018","2010s",1,"Crime,Drama,Mystery","Crime"
"597","tt0118273","Brass Eye",8.19,2333,333,2,24,"1997","1990s",4,"Comedy","Comedy"
"598","tt4277922","Call My Agent!",7.65,8003,333,4,55.5,"2015","2010s",5,"Comedy,Drama","Comedy"
"599","tt4855114","Good Behavior",8.07,6641,332,2,48.4,"2016","2010s",1,"Crime,Drama,Mystery","Crime"
"600","tt0105977","Cracker",8.34,7589,330,3,50.3,"1993","1990s",3,"Crime,Drama,Mystery","Crime"
"601","tt3516878","Secrets and Lies",7.72,6599,330,2,41.8,"2015","2010s",1,"Crime,Drama,Mystery","Crime"
"602","tt0086814","Tales from the Darkside",6.06,29639,329,4,26.1,"1983","1980s",5,"Comedy,Drama,Fantasy","Comedy"
"603","tt0108981","The Vicar of Dibley",8.19,5261,329,3,34.2,"1994","1990s",26,"Comedy","Comedy"
"604","tt0395843","CSI: NY",7.52,64679,328,9,46.9,"2004","2000s",9,"Action,Crime,Drama","Action"
"605","tt0106057","Lois & Clark: The New Adventures of Superman",7.23,28425,327,4,46,"1993","1990s",4,"Adventure,Comedy,Drama","Adventure"
"606","tt1118804","Clannad",7.9,16047,327,2,25.1,"2007","2000s",2,"Animation,Comedy,Drama","Animation"
"607","tt0090390","ALF",7.3,33337,324,4,24.3,"1986","1980s",4,"Comedy,Family,Sci-Fi","Comedy"
"608","tt1587669","Body of Proof",7.58,13435,320,3,47,"2011","2010s",2,"Comedy,Crime,Drama","Comedy"
"609","tt7695916","Tell Me a Story",7.57,6393,320,2,49,"2018","2010s",2,"Drama,Thriller","Thriller"
"610","tt0417373","The Venture Bros.",8.27,27375,318,7,23.5,"2003","2000s",15,"Action,Adventure,Animation","Action"
"611","tt2293002","Ben 10: Omniverse",8.14,25404,318,8,22.7,"2012","2010s",2,"Action,Adventure,Animation","Action"
"612","tt0086831","Yes, Prime Minister",8.35,5078,317,2,29.9,"1986","1980s",1,"Comedy","Comedy"
"613","tt0201391","Roswell",7.47,19319,317,3,43.6,"1999","1990s",3,"Drama,Mystery,Romance","Drama"
"614","tt1299368","Southland",8.12,13638,317,5,46.9,"2009","2000s",4,"Crime,Drama,Thriller","Crime"
"615","tt2288064","Witches of East End",7.69,7277,316,2,41.6,"2013","2010s",1,"Drama,Fantasy,Horror","Drama"
"616","tt0054533","The Dick Van Dyke Show",7.6,49839,315,5,30,"1961","1960s",5,"Comedy,Family","Comedy"
"617","tt1509004","Enlightened",7.84,5673,315,2,27.3,"2011","2010s",2,"Comedy,Drama","Comedy"
"618","tt1641247","Life's Too Short",7.3,2523,315,2,32.1,"2011","2010s",2,"Comedy","Comedy"
"619","tt1183865","Alphas",7.54,7544,314,2,45.8,"2011","2010s",1,"Action,Drama,Sci-Fi","Action"
"620","tt3673794","Kingdom",8.44,12529,313,3,48.5,"2014","2010s",3,"Drama,Sport","Drama"
"621","tt6053512","Home Before Dark",7.58,6212,311,2,45.1,"2020","2020s",1,"Crime,Drama,Mystery","Crime"
"622","tt11947418","Minx",7.54,5558,309,2,30.3,"2022","2020s",1,"Comedy","Comedy"
"623","tt14190592","The Lazarus Project",7.48,4951,309,2,44.1,"2022","2020s",1,"Action,Drama,Fantasy","Action"
"624","tt11092142","Human Resources",7.36,6078,304,2,27.2,"2022","2020s",1,"Animation,Comedy,Romance","Animation"
"625","tt0105958","Boy Meets World",7.83,47850,303,7,23.5,"1993","1990s",7,"Comedy,Drama,Family","Comedy"
"626","tt2582590","Vicious",8.21,4228,302,2,24.3,"2013","2010s",3,"Comedy","Comedy"
"627","tt8417308","The Spanish Princess",7.36,4837,302,2,57,"2019","2010s",1,"Drama,History,Romance","Drama"
"628","tt1429449","Lost Girl",7.53,23161,301,5,45.7,"2010","2010s",6,"Action,Drama,Fantasy","Action"
"629","tt3621796","Fate/stay night [Unlimited Blade Works]",8.11,8123,301,2,25.2,"2014","2010s",1,"Action,Adventure,Animation","Action"
"630","tt11761194","Power Book IV: Force",8.49,5952,298,2,56.4,"2022","2020s",3,"Crime,Drama","Crime"
"631","tt4800878","Lucky Man",7.49,8342,298,3,48.4,"2016","2010s",2,"Action,Crime,Drama","Action"
"632","tt5191110","Berlin Station",7.65,8640,298,3,52,"2016","2010s",3,"Action,Drama,Mystery","Action"
"633","tt7197684","Suburra: Blood on Rome",7.85,7158,298,3,48.4,"2017","2010s",3,"Action,Crime,Drama","Action"
"634","tt6905756","Pagan Peak",7.69,7134,297,3,50.8,"2018","2010s",5,"Crime,Drama,Mystery","Crime"
"635","tt1235547","Better Off Ted",7.92,7662,295,2,23.3,"2009","2000s",1,"Comedy,Sci-Fi","Comedy"
"636","tt2147995","Der Tatortreiniger",7.6,9130,295,7,28.8,"2011","2010s",7,"Comedy,Crime","Comedy"
"637","tt2477230","The Night Shift",7.8,13286,295,4,42.4,"2014","2010s",3,"Drama,Romance","Drama"
"638","tt1008108","Ashes to Ashes",7.86,7054,294,3,55,"2008","2000s",2,"Crime,Drama,Fantasy","Crime"
"639","tt3973768","Hand of God",7.61,5872,294,2,53.6,"2014","2010s",3,"Crime,Drama","Crime"
"640","tt0098837","Keeping Up Appearances",7.9,13140,292,5,30.2,"1990","1990s",5,"Comedy","Comedy"
"641","tt1833285","Boss",7.93,5247,292,2,57,"2011","2010s",1,"Crime,Drama","Crime"
"642","tt7242816","Harrow",7.9,8760,292,3,51.4,"2018","2010s",3,"Crime,Drama,Mystery","Crime"
"643","tt9849210","Biohackers",7.08,3509,292,2,42.2,"2020","2020s",1,"Drama,Sci-Fi,Thriller","Thriller"
"644","tt0974077","Cranford",8.46,2036,291,2,67.1,"2007","2000s",2,"Drama","Drama"
"645","tt3551096","Fresh Off the Boat",7.37,33735,291,6,21.3,"2015","2010s",5,"Comedy","Comedy"
"646","tt10069398","Home for Christmas",7.53,3477,290,2,28.9,"2019","2010s",6,"Comedy,Drama,Romance","Comedy"
"647","tt1936532","Major Crimes",8.06,30449,290,6,42.8,"2012","2010s",6,"Action,Crime,Drama","Action"
"648","tt0337792","Wire in the Blood",7.72,8950,289,6,79.5,"2002","2000s",6,"Crime,Drama,Mystery","Crime"
"649","tt1748888","Case Histories",7.69,2588,288,2,68,"2011","2010s",2,"Crime,Drama,Mystery","Crime"
"650","tt1714204","Perception",7.79,11202,287,3,42.3,"2012","2010s",3,"Crime,Drama,Mystery","Crime"
"651","tt0094540","Roseanne",7.3,65833,286,10,24.3,"1988","1980s",30,"Comedy,Drama","Comedy"
"652","tt1495708","Covert Affairs",7.67,21396,285,5,44,"2010","2010s",4,"Action,Crime,Drama","Action"
"653","tt6616260","Deadwind",7.28,7972,285,3,45.8,"2018","2010s",3,"Crime,Drama,Mystery","Crime"
"654","tt9151230","To the Lake",7.57,4562,285,2,52.1,"2019","2010s",3,"Drama,Sci-Fi,Thriller","Thriller"
"655","tt0101120","Home Improvement",7.38,57701,284,8,26.9,"1991","1990s",8,"Comedy,Family","Comedy"
"656","tt1587678","Happy Endings",7.56,16177,284,3,21,"2011","2010s",2,"Comedy,Romance","Comedy"
"657","tt5212822","Imposters",8.02,5651,283,2,42.7,"2017","2010s",1,"Comedy,Crime,Drama","Comedy"
"658","tt10098620","Feel Good",7.54,3384,282,2,25.2,"2020","2020s",1,"Comedy,Drama,Romance","Comedy"
"659","tt3189976","Gravity Falls Shorts",7.8,4772,281,5,3,"2013","2010s",1,"Adventure,Animation,Comedy","Adventure"
"660","tt3560060","CSI: Cyber",7,8703,281,2,42.2,"2015","2010s",1,"Crime,Drama,Mystery","Crime"
"661","tt0160904","MI-5",8.01,24063,280,10,52,"2002","2000s",9,"Action,Crime,Drama","Action"
"662","tt2543796","Girl Meets World",7.92,20138,280,3,23.5,"2014","2010s",3,"Comedy,Drama,Family","Comedy"
"663","tt6021284","Liar",6.98,3365,280,2,45.3,"2017","2010s",3,"Crime,Drama,Thriller","Crime"
"664","tt0185102","Queer as Folk",7.93,2785,278,2,34.7,"1999","1990s",1,"Comedy,Drama","Comedy"
"665","tt0965394","Sanctuary",7.56,16363,277,4,45.3,"2008","2000s",3,"Action,Drama,Fantasy","Action"
"666","tt1441109","Cougar Town",7.29,28219,277,6,23,"2009","2000s",6,"Comedy,Romance","Comedy"
"667","tt4118584","Shades of Blue",7.88,9900,275,3,42.4,"2016","2010s",2,"Action,Crime,Drama","Action"
"668","tt7661384","The L Word: Generation Q",7.79,7695,275,3,52.9,"2019","2010s",4,"Drama","Drama"
"669","tt0460637","Everybody Hates Chris",7.6,24097,274,4,21.1,"2005","2000s",4,"Comedy,Drama,Music","Comedy"
"670","tt1195935","The Cleveland Show",6.5,24016,273,4,23.8,"2009","2000s",4,"Adventure,Animation,Comedy","Adventure"
"671","tt1349938","Being Human",7.81,10085,273,5,58.2,"2008","2000s",5,"Comedy,Drama,Fantasy","Comedy"
"672","tt1842127","Mortal Kombat: Legacy",6.88,5181,273,2,10.2,"2011","2010s",2,"Action,Adventure,Crime","Action"
"673","tt0434672","The Comeback",8.3,5717,272,2,30.8,"2005","2000s",9,"Comedy","Comedy"
"674","tt0756509","Kyle XY",7.69,11699,272,3,43.6,"2006","2000s",3,"Drama,Mystery,Romance","Drama"
"675","tt2402137","Legends",7.8,5442,272,2,43.5,"2014","2010s",1,"Action,Crime,Drama","Action"
"676","tt4063800","The Bureau",8.07,13582,272,5,53.2,"2015","2010s",5,"Drama,Thriller","Thriller"
"677","tt0358856","Little Britain",7.63,5699,271,3,28.6,"2003","2000s",3,"Comedy","Comedy"
"678","tt7821582","Truth Be Told",7.28,7600,271,3,45.2,"2019","2010s",4,"Crime,Drama,Mystery","Crime"
"679","tt0108717","Mystery!: Cadfael",7.85,3496,269,4,75.6,"1994","1990s",4,"Crime,Drama,Mystery","Crime"
"680","tt1439741","Human Target",7.96,6732,269,2,58.1,"2010","2010s",1,"Action,Adventure,Crime","Action"
"681","tt3014650","Lego Star Wars: The Yoda Chronicles",7.08,2152,269,2,22.1,"2013","2010s",1,"Action,Adventure,Animation","Action"
"682","tt0072567","Starsky and Hutch",7.35,24638,268,4,60,"1975","1970s",4,"Action,Crime,Drama","Action"
"683","tt2432604","Toast of London",7.93,5101,268,3,22.8,"2012","2010s",8,"Comedy","Comedy"
"684","tt6109562","Wellington Paranormal",7.53,6708,268,4,20.7,"2018","2010s",4,"Comedy,Crime,Fantasy","Comedy"
"685","tt0098833","Jeeves and Wooster",8.11,6142,267,4,50.7,"1990","1990s",3,"Comedy","Comedy"
"686","tt0412175","Medium",7.78,34659,267,7,44.5,"2005","2000s",6,"Crime,Drama,Fantasy","Crime"
"687","tt11285548","Bloodlands",7.37,2669,267,2,56.6,"2021","2020s",1,"Crime,Drama,Thriller","Crime"
"688","tt0398417","The Batman",7.56,17297,266,5,21.7,"2004","2000s",4,"Action,Adventure,Animation","Action"
"689","tt10982034","Trying",7.92,8522,266,4,28.2,"2020","2020s",4,"Comedy,Drama,Romance","Comedy"
"690","tt10732104","Power Book II: Ghost",8.1,10588,265,4,60.5,"2020","2020s",4,"Crime,Drama","Crime"
"691","tt2427220","Crossing Lines",7.67,8973,264,3,45,"2013","2010s",2,"Action,Crime,Drama","Action"
"692","tt3225270","Noragami",8.09,6588,264,2,24.3,"2014","2010s",1,"Action,Adventure,Animation","Action"
"693","tt1703925","Wilfred",7.81,12886,263,4,21.9,"2011","2010s",3,"Comedy,Drama,Mystery","Comedy"
"694","tt1769411","Accused",7.73,2629,263,2,59.7,"2010","2010s",2,"Crime,Drama,Mystery","Crime"
"695","tt3729898","Hap and Leonard",7.9,4730,263,3,42.4,"2016","2010s",2,"Crime,Drama,Mystery","Crime"
"696","tt6779076","Star Wars: Forces of Destiny",6.21,8423,263,2,2.5,"2017","2010s",1,"Action,Adventure,Animation","Action"
"697","tt1843678","Scott & Bailey",7.72,8653,262,5,45.9,"2011","2010s",5,"Crime,Drama,Mystery","Crime"
"698","tt2211129","The Mindy Project",7.54,30529,261,6,22.1,"2012","2010s",5,"Comedy","Comedy"
"699","tt2365946","Bitten",7.49,8573,260,3,44.4,"2014","2010s",2,"Drama,Fantasy,Horror","Drama"
"700","tt4937942","Bordertown",7.42,8069,260,3,58.8,"2016","2010s",4,"Crime,Drama,Mystery","Crime"
"701","tt5754602","4 Blocks",8.07,4943,260,3,50.6,"2017","2010s",2,"Crime,Drama","Crime"
"702","tt5460226","Search Party",7.76,12964,259,5,25.1,"2016","2010s",6,"Comedy,Crime,Drama","Comedy"
"703","tt5462720","Kevin Can Wait",6.45,12430,259,2,20.5,"2016","2010s",2,"Comedy","Comedy"
"704","tt0112194","The Thin Blue Line",7.44,3618,258,2,31.4,"1995","1990s",1,"Comedy,Crime","Comedy"
"705","tt0262985","Queer as Folk",8.3,21222,256,5,48.7,"2000","2000s",5,"Drama,Romance","Drama"
"706","tt7879820","On My Block",7.95,9741,256,4,29.4,"2018","2010s",3,"Comedy,Drama","Comedy"
"707","tt0247827","X-Men: Evolution",7.35,13239,255,4,21.9,"2000","2000s",3,"Action,Adventure,Animation","Action"
"708","tt1981558","Key and Peele",7.67,14045,255,5,22,"2012","2010s",3,"Comedy","Comedy"
"709","tt1416765","Parenthood",8.06,26128,254,6,47.2,"2010","2010s",5,"Comedy,Drama","Comedy"
"710","tt0078579","Buck Rogers in the 25th Century",6.59,8109,253,2,65.6,"1979","1970s",2,"Action,Adventure,Sci-Fi","Action"
"711","tt1778108","The Hour",8.05,3030,252,2,60.8,"2011","2010s",1,"Drama","Drama"
"712","tt8000674","Little America",7.29,4025,252,2,33.8,"2020","2020s",2,"Comedy,Drama","Comedy"
"713","tt6078096","High Maintenance",7.91,8525,251,4,28.5,"2016","2010s",4,"Comedy,Drama","Comedy"
"714","tt1842530","Unforgettable",7.55,15252,250,4,43.1,"2011","2010s",5,"Crime,Drama,Mystery","Crime"
"715","tt0057751","Gilligan's Island",7.14,24534,248,3,29.7,"1964","1960s",28,"Comedy,Family","Comedy"
"716","tt1190689","Nurse Jackie",7.84,19694,246,7,27.3,"2009","2000s",6,"Comedy,Drama","Comedy"
"717","tt1832045","Magic City",7.55,3937,246,2,51.9,"2012","2010s",1,"Crime,Drama","Crime"
"718","tt2262532","The Fosters",7.83,25624,246,5,42.4,"2013","2010s",5,"Drama,Romance","Drama"
"719","tt4364202","Criminal Minds: Beyond Borders",6.72,6361,245,2,41,"2016","2010s",1,"Action,Adventure,Crime","Action"
"720","tt6423364","Bad Blood",7.84,3431,245,2,46.2,"2017","2010s",1,"Crime,Drama","Crime"
"721","tt0060009","Mission: Impossible",7.45,41732,244,7,50.4,"1966","1960s",7,"Action,Adventure,Crime","Action"
"722","tt3288518","Younger",7.48,20511,244,7,23.6,"2015","2010s",6,"Comedy,Romance","Comedy"
"723","tt0972412","Private Practice",7.76,27258,243,6,50.9,"2007","2000s",6,"Comedy,Drama,Romance","Comedy"
"724","tt0362357","New Tricks",7.76,25919,242,12,58.9,"2003","2000s",12,"Comedy,Crime,Drama","Comedy"
"725","tt3468798","Baskets",7.65,9676,242,4,23.9,"2016","2010s",3,"Comedy,Drama","Comedy"
"726","tt0330251","The L Word",7.69,16767,240,6,53.1,"2004","2000s",5,"Drama,Romance","Drama"
"727","tt0098802","Get a Life",8.6,8601,239,2,30,"1990","1990s",2,"Comedy,Fantasy","Comedy"
"728","tt0115341","Sabrina the Teenage Witch",7.04,39006,239,7,30,"1996","1990s",7,"Comedy,Family,Fantasy","Comedy"
"729","tt0377253","Rosemary & Thyme",7.66,5238,238,3,50.6,"2003","2000s",3,"Crime,Drama,Mystery","Crime"
"730","tt7612548","The Outpost",7.88,11652,238,4,42.1,"2018","2010s",3,"Action,Adventure,Drama","Action"
"731","tt0805669","Ugly Betty",7.63,20130,237,4,51.8,"2006","2000s",4,"Comedy,Drama,Romance","Comedy"
"732","tt2022713","Brickleberry",7.24,8517,237,3,21.9,"2012","2010s",3,"Animation,Comedy","Animation"
"733","tt1722512","Ultimate Spider-Man",7.43,24569,236,4,22.3,"2012","2010s",5,"Action,Adventure,Animation","Action"
"734","tt3973820","Red Oaks",7.51,6125,236,3,25.9,"2014","2010s",3,"Comedy,Drama,Sport","Comedy"
"735","tt0235923","Invader ZIM",7.95,6577,235,2,24.4,"2001","2000s",5,"Action,Adventure,Animation","Action"
"736","tt0306274","What's New, Scooby-Doo?",7.33,9886,235,3,20.9,"2002","2000s",4,"Adventure,Animation,Comedy","Adventure"
"737","tt18250904","Not Dead Yet",7.61,5415,235,2,21.5,"2023","2020s",1,"Comedy","Comedy"
"738","tt1001482","United States of Tara",7.88,8440,234,3,27,"2009","2000s",2,"Comedy,Drama,Romance","Comedy"
"739","tt6712476","Bancroft",7.43,1640,234,2,49.9,"2017","2010s",3,"Crime,Drama,Mystery","Crime"
"740","tt1595680","Being Human",7.92,12115,233,4,44,"2011","2010s",3,"Drama,Fantasy,Horror","Drama"
"741","tt0421030","Big Love",7.73,12252,231,5,54.5,"2006","2000s",5,"Drama","Drama"
"742","tt9288848","Pacific Rim: The Black",7.21,3220,230,2,23.8,"2021","2020s",1,"Action,Adventure,Animation","Action"
"743","tt5037914","Crashing",7.94,5490,229,3,30.3,"2017","2010s",2,"Comedy,Drama","Comedy"
"744","tt8878862","Invisible City",7.47,2753,229,2,38.4,"2021","2020s",2,"Crime,Drama,Fantasy","Crime"
"745","tt0054518","The Avengers",7.33,36656,228,7,52.1,"1961","1960s",8,"Action,Comedy,Crime","Action"
"746","tt0092345","DuckTales",7.5,22992,228,4,23.9,"1987","1980s",3,"Action,Adventure,Animation","Action"
"747","tt3314218","UnREAL",7.68,8655,228,4,41.9,"2015","2010s",3,"Drama","Drama"
"748","tt7631146","The Split",7.75,4563,228,4,58.5,"2018","2010s",4,"Drama","Drama"
"749","tt2226342","Devious Maids",8.09,11133,227,4,42.5,"2013","2010s",3,"Comedy,Drama,Mystery","Comedy"
"750","tt4816626","Outsiders",7.82,5913,227,2,45,"2016","2010s",1,"Crime,Drama","Crime"
"751","tt0073972","Charlie's Angels",7.13,24630,226,5,52.3,"1976","1970s",5,"Action,Adventure,Crime","Action"
"752","tt0061265","The Invaders",7.7,9633,224,2,51.8,"1967","1960s",1,"Drama,Sci-Fi,Thriller","Thriller"
"753","tt0063878","The Brady Bunch",7.08,26198,224,5,25.4,"1969","1960s",5,"Comedy,Family","Comedy"
"754","tt2407574","My Mad Fat Diary",8.19,3582,224,3,46.8,"2013","2010s",2,"Comedy,Drama,Romance","Comedy"
"755","tt3061830","Togetherness",7.72,3588,224,2,27.2,"2015","2010s",1,"Comedy,Drama,Romance","Comedy"
"756","tt0213327","Andromeda",6.88,24552,223,5,43,"2000","2000s",5,"Action,Adventure,Drama","Action"
"757","tt1663676","Awkward.",7.53,19823,223,5,22.5,"2011","2010s",5,"Comedy,Drama,Romance","Comedy"
"758","tt5770788","Sick Note",7.24,3128,223,2,24.4,"2017","2010s",1,"Comedy,Crime","Comedy"
"759","tt7555294","L.A.'s Finest",7.48,5796,223,2,47,"2019","2010s",1,"Action,Comedy,Crime","Action"
"760","tt0799922","Wizards of Waverly Place",6.94,23496,222,4,24.1,"2007","2000s",5,"Adventure,Comedy,Drama","Adventure"
"761","tt0787985","Robin Hood",7.66,8612,221,3,44.9,"2006","2000s",3,"Action,Adventure,Comedy","Action"
"762","tt2325846","DreamWorks Dragons",7.62,8843,221,2,22.6,"2012","2010s",2,"Action,Adventure,Animation","Action"
"763","tt0074074","Wonder Woman",6.89,13003,220,3,47.6,"1975","1970s",4,"Action,Adventure,Fantasy","Action"
"764","tt4955480","Great News",7.46,5017,218,2,21,"2017","2010s",1,"Comedy","Comedy"
"765","tt9252156","Departure",7.25,3923,218,3,41.3,"2019","2010s",3,"Drama,Mystery,Thriller","Thriller"
"766","tt0053502","The Flintstones",7.34,36206,217,6,28.4,"1960","1960s",6,"Adventure,Animation,Comedy","Adventure"
"767","tt0058815","I Dream of Jeannie",7.28,30131,217,5,25,"1965","1960s",5,"Comedy,Family,Fantasy","Comedy"
"768","tt5511512","Trial & Error",8.13,4999,217,2,21.5,"2017","2010s",1,"Comedy,Crime,Mystery","Comedy"
"769","tt0068040","Are You Being Served?",7.63,14899,216,10,28,"1972","1970s",13,"Comedy","Comedy"
"770","tt0118254","Ally McBeal",7.25,24051,215,5,59.8,"1997","1990s",5,"Comedy,Drama,Fantasy","Comedy"
"771","tt3315020","Prey",7.3,1290,215,2,45.7,"2014","2010s",1,"Crime,Drama,Thriller","Crime"
"772","tt1213218","Batman: The Brave and the Bold",7.39,13897,214,3,23.1,"2008","2000s",3,"Action,Adventure,Animation","Action"
"773","tt1797404","House of Lies",7.32,12440,214,5,27.8,"2012","2010s",4,"Comedy,Drama","Comedy"
"774","tt3922704","No Offence",7.97,4484,214,3,50.3,"2015","2010s",3,"Crime,Drama,Mystery","Crime"
"775","tt10662034","Mr. Mayor",7.11,4260,213,2,21.4,"2021","2020s",1,"Comedy","Comedy"
"776","tt2705602","Atlantis",7.22,5527,213,2,44.9,"2013","2010s",2,"Adventure,Drama,Fantasy","Adventure"
"777","tt9789660","Transformers: War for Cybertron Trilogy",7.31,3827,213,3,24.7,"2020","2020s",1,"Action,Adventure,Animation","Action"
"778","tt0379632","Hustle",8.03,10170,212,8,57.7,"2004","2000s",8,"Crime,Drama,Mystery","Crime"
"779","tt1590961","Breakout Kings",7.63,4871,212,2,43,"2011","2010s",1,"Crime,Drama,Thriller","Crime"
"780","tt4384086","Life in Pieces",7.51,16743,212,4,20.9,"2015","2010s",4,"Comedy","Comedy"
"781","tt2375720","The Doctor Blake Mysteries",8.19,9702,211,6,57.4,"2013","2010s",5,"Crime,Drama,Mystery","Crime"
"782","tt7645192","Baby",7.42,3802,211,3,45.4,"2018","2010s",2,"Drama","Drama"
"783","tt0955322","Reaper",7.54,6496,210,2,40.8,"2007","2000s",2,"Adventure,Comedy,Drama","Adventure"
"784","tt1986770","Anger Management",6.89,21035,210,2,21.8,"2012","2010s",2,"Comedy,Romance","Comedy"
"785","tt0058855","The Wild Wild West",7.47,21742,209,4,59.7,"1965","1960s",4,"Action,Adventure,Drama","Action"
"786","tt2387761","Breaking Bad: Original Minisodes",7.04,3556,209,3,2.6,"2009","2000s",2,"Comedy,Crime,Drama","Comedy"
"787","tt5936448","Riviera",7,5854,209,3,46.5,"2017","2010s",3,"Drama,Thriller","Thriller"
"788","tt12635162","Don't Toy with Me, Miss Nagatoro",7.44,4967,207,2,24,"2021","2020s",2,"Animation,Comedy,Romance","Animation"
"789","tt1247637","Above Suspicion",7.38,2265,206,4,50,"2009","2000s",3,"Crime,Drama,Mystery","Crime"
"790","tt7011370","This Time with Alan Partridge",7.82,2470,206,2,29.5,"2019","2010s",2,"Comedy","Comedy"
"791","tt0065314","The Mary Tyler Moore Show",7.75,34379,205,7,30,"1970","1970s",7,"Comedy","Comedy"
"792","tt1552112","The Glades",7.41,10025,205,4,43.3,"2010","2010s",3,"Action,Crime,Drama","Action"
"793","tt5722214","Stan Against Evil",7.41,4923,205,3,21,"2016","2010s",2,"Comedy,Fantasy,Horror","Comedy"
"794","tt9644058","Guilt",7.45,2457,205,3,55,"2019","2010s",4,"Comedy,Crime,Drama","Comedy"
"795","tt0058805","Get Smart",7.72,28099,204,5,26.1,"1965","1960s",5,"Action,Adventure,Comedy","Action"
"796","tt1659175","Transformers Prime",8.03,13276,204,3,22,"2010","2010s",3,"Action,Adventure,Animation","Action"
"797","tt0426371","The Suite Life of Zack & Cody",7.22,17663,203,3,25.4,"2005","2000s",3,"Comedy,Family","Comedy"
"798","tt0103442","Highlander",7.61,24058,202,6,49,"1992","1990s",6,"Action,Adventure,Fantasy","Action"
"799","tt11448214","Rent-a-Girlfriend",7.27,7257,202,3,23.6,"2020","2020s",5,"Animation,Comedy,Romance","Animation"
"800","tt5761496","Get Shorty",8.18,5458,202,3,56.4,"2017","2010s",2,"Comedy,Crime","Comedy"
"801","tt4635922","Car Share",8.32,2411,201,2,28,"2015","2010s",5,"Comedy","Comedy"
"802","tt6258718","Bad Banks",7.3,2411,201,2,51.4,"2018","2010s",2,"Crime,Drama,Thriller","Crime"
"803","tt0867015","Rebus",7.66,2807,200,4,87,"2000","2000s",4,"Crime,Drama,Mystery","Crime"
"804","tt1515193","The Big C",7.86,8012,200,4,32.6,"2010","2010s",3,"Comedy,Drama","Comedy"
"805","tt9134194","Trinkets",7.66,3995,200,2,26.2,"2019","2010s",1,"Comedy,Crime,Drama","Comedy"
"806","tt0106028","Homicide: Life on the Street",8.04,24296,199,7,45.9,"1993","1990s",6,"Crime,Drama,Mystery","Crime"
"807","tt1059475","Flashpoint",7.79,14893,199,5,41.9,"2008","2000s",4,"Action,Crime,Drama","Action"
"808","tt8036272","Tuca & Bertie",7.74,5982,199,3,23.8,"2019","2010s",3,"Animation,Comedy","Animation"
"809","tt0077089","Taxi",7.42,22565,198,5,29,"1978","1970s",5,"Comedy","Comedy"
"810","tt0101081","Dinosaurs",7.67,12875,198,4,24,"1991","1990s",3,"Comedy,Family,Fantasy","Comedy"
"811","tt0381798","Rescue Me",8.04,18438,198,7,44.5,"2004","2000s",7,"Comedy,Drama","Comedy"
"812","tt4779762","Detroiters",7.96,3948,197,2,20.8,"2017","2010s",1,"Comedy","Comedy"
"813","tt3595776","The Odd Couple",6.98,7413,195,3,21.2,"2015","2010s",2,"Comedy","Comedy"
"814","tt6583806","This Country",8.11,3709,195,3,27.4,"2017","2010s",3,"Comedy","Comedy"
"815","tt4816058","Dragons: Race to the Edge",7.89,15157,194,6,22.1,"2015","2010s",3,"Action,Adventure,Animation","Action"
"816","tt0068044","Banacek",7.48,3280,193,2,75,"1972","1970s",2,"Crime,Drama,Mystery","Crime"
"817","tt0103586","The Young Indiana Jones Chronicles",7.41,5394,193,2,51.9,"1992","1990s",1,"Action,Adventure,Family","Action"
"818","tt5097050","Chewing Gum",7.66,2316,193,2,22.8,"2015","2010s",2,"Comedy","Comedy"
"819","tt0044231","Adventures of Superman",7.37,19840,191,6,29.7,"1952","1950s",6,"Action,Adventure,Crime","Action"
"820","tt0364828","Las Vegas",7.6,20172,190,5,41.9,"2003","2000s",5,"Crime,Drama","Crime"
"821","tt4789576","The Path",7.76,6823,190,3,50,"2016","2010s",2,"Drama","Drama"
"822","tt6437276","For The People",7.72,3805,190,2,42.2,"2018","2010s",1,"Drama","Drama"
"823","tt0088510","Star Wars: Droids",5.97,2640,189,2,24.8,"1985","1980s",1,"Action,Adventure,Animation","Action"
"824","tt4304864","Divorce",7.36,4534,189,3,29.5,"2016","2010s",3,"Comedy,Drama","Comedy"
"825","tt1851040","Powers",7.46,3766,188,2,43.1,"2015","2010s",1,"Action,Crime,Drama","Action"
"826","tt7718110","Hightown",7.77,4701,188,3,55.8,"2020","2020s",4,"Crime,Drama,Mystery","Crime"
"827","tt9224216","Ms Fisher's Modern Murder Mysteries",7.53,2257,188,2,58.5,"2019","2010s",2,"Crime,Drama,Mystery","Crime"
"828","tt1726839","The Looney Tunes Show",7.63,9741,187,2,22.6,"2011","2010s",2,"Adventure,Animation,Comedy","Adventure"
"829","tt7948998","God Friended Me",8.06,7843,187,2,42.6,"2018","2010s",2,"Comedy,Drama,Fantasy","Comedy"
"830","tt12987918","Good Morning, Verônica",7.31,3161,186,3,48.9,"2020","2020s",4,"Crime,Drama,Mystery","Crime"
"831","tt3597790","Angie Tribeca",7.48,7404,185,4,20.7,"2016","2010s",2,"Action,Comedy,Crime","Action"
"832","tt10888876","Love & Anarchy",7.39,2947,184,2,31,"2020","2020s",2,"Comedy,Drama,Romance","Comedy"
"833","tt2222352","Cuckoo",7.26,6067,184,5,26.5,"2012","2010s",7,"Comedy","Comedy"
"834","tt0050033","The Lucy-Desi Comedy Hour",8.12,2381,183,3,61.2,"1957","1950s",3,"Comedy,Family","Comedy"
"835","tt0055701","The Saint",7.19,21552,183,6,51.5,"1962","1960s",7,"Action,Crime,Drama","Action"
"836","tt0074053","The Scooby-Doo/Dynomutt Hour",7.17,7332,183,3,31.4,"1976","1970s",2,"Adventure,Animation,Comedy","Adventure"
"837","tt1608180","Mike & Molly",7.03,23296,183,6,21.2,"2010","2010s",6,"Comedy,Romance","Comedy"
"838","tt5193358","Wanted",7.77,3292,183,3,44.7,"2016","2010s",2,"Action,Crime,Drama","Action"
"839","tt0112084","Mr. Show with Bob and David",8.29,5456,182,4,27.9,"1995","1990s",3,"Comedy","Comedy"
"840","tt2578508","Inside Amy Schumer",6.97,7988,182,5,21.4,"2013","2010s",9,"Comedy","Comedy"
"841","tt3127020","Faking It",8.03,6914,182,3,21.2,"2014","2010s",2,"Comedy,Drama,Romance","Comedy"
"842","tt6128254","Lodge 49",7.97,3633,182,2,46.1,"2018","2010s",1,"Comedy,Drama,Mystery","Comedy"
"843","tt0077097","WKRP in Cincinnati",7.93,16313,181,4,24.7,"1978","1970s",4,"Comedy","Comedy"
"844","tt0241088","Da Ali G Show",7.89,3258,181,3,27.8,"2000","2000s",4,"Comedy","Comedy"
"845","tt0320970","Still Standing",7.62,15923,181,4,30,"2002","2000s",4,"Comedy,Romance","Comedy"
"846","tt1583607","Hot in Cleveland",7.76,23312,181,6,22.1,"2010","2010s",5,"Comedy","Comedy"
"847","tt1497609","Vexed",7.29,1619,180,2,60.4,"2010","2010s",2,"Comedy,Crime,Mystery","Comedy"
"848","tt6601082","Rise of the Teenage Mutant Ninja Turtles",7.2,10082,180,2,15.5,"2018","2010s",2,"Action,Adventure,Animation","Action"
"849","tt7217374","Hidden",7.42,3610,180,3,57.2,"2018","2010s",4,"Crime,Drama,Mystery","Crime"
"850","tt0491603","H2O: Just Add Water",7.68,13992,179,3,25,"2006","2000s",4,"Adventure,Comedy,Drama","Adventure"
"851","tt2056366","The Carrie Diaries",7.66,4652,179,2,42.4,"2013","2010s",1,"Comedy,Drama,Romance","Comedy"
"852","tt3594982","Sex & Drugs & Rock & Roll",7.84,3582,179,2,24.7,"2015","2010s",1,"Comedy,Music","Comedy"
"853","tt6623682","Rebecka Martinsson",6.77,2859,179,2,44.4,"2017","2010s",3,"Crime,Drama,Mystery","Crime"
"854","tt0115200","Hey Arnold!",7.5,17811,178,5,24.2,"1996","1990s",8,"Animation,Comedy,Family","Animation"
"855","tt0805666","Shark",7.75,6767,178,2,55.4,"2006","2000s",2,"Crime,Drama,Mystery","Crime"
"856","tt1741256","Suburgatory",7.17,10143,178,3,21.8,"2011","2010s",3,"Comedy","Comedy"
"857","tt0103466","The Larry Sanders Show",7.85,15736,177,6,25.4,"1992","1990s",6,"Comedy","Comedy"
"858","tt0098749","Beverly Hills, 90210",6.72,51254,176,10,46.7,"1990","1990s",10,"Drama,Romance","Drama"
"859","tt1000734","Secret Diary of a Call Girl",6.98,5638,176,4,23,"2007","2000s",4,"Drama","Drama"
"860","tt8974594","Queens of Mystery",7.92,2108,176,2,45,"2019","2010s",2,"Crime,Drama,Mystery","Crime"
"861","tt0321021","Without a Trace",7.36,28055,175,7,46.3,"2002","2000s",7,"Crime,Drama,Mystery","Crime"
"862","tt3597912","The Royals",8.15,7013,175,4,43.1,"2015","2010s",3,"Drama","Drama"
"863","tt0071036","Porridge",8.1,3487,174,3,30,"1974","1970s",3,"Comedy,Crime","Comedy"
"864","tt0235918","The Fairly OddParents",6.44,27682,174,10,26.2,"2001","2000s",16,"Adventure,Animation,Comedy","Adventure"
"865","tt1885102","The Transporter",7.15,4169,174,2,47.6,"2012","2010s",2,"Action,Adventure,Crime","Action"
"866","tt2393813","Graceland",8.09,6612,174,3,43.6,"2013","2010s",2,"Action,Crime,Drama","Action"
"867","tt5619658","Flowers",7.93,2078,173,2,24.6,"2016","2010s",2,"Comedy,Drama","Comedy"
"868","tt0105941","Animaniacs",8.02,17012,172,5,23,"1993","1990s",5,"Adventure,Animation,Comedy","Adventure"
"869","tt0426719","Hunter x Hunter",7.95,10612,171,3,23,"1999","1990s",2,"Action,Adventure,Animation","Action"
"870","tt12682076","The Wonder Years",7.77,5471,171,2,21.3,"2021","2020s",2,"Comedy,Drama,Family","Comedy"
"871","tt1415889","Good Luck Charlie",7.67,16725,171,4,22.9,"2010","2010s",4,"Comedy,Drama,Family","Comedy"
"872","tt19394168","Unstable",6.76,2736,171,2,24.4,"2023","2020s",1,"Comedy","Comedy"
"873","tt2141913","Review",8.35,3760,171,3,21.6,"2014","2010s",3,"Comedy","Comedy"
"874","tt3187578","The Mysteries of Laura",7.49,6486,171,2,42.4,"2014","2010s",2,"Comedy,Crime,Mystery","Comedy"
"875","tt0076975","The Amazing Spider-Man",6.66,2377,170,2,51.4,"1977","1970s",2,"Action,Adventure,Crime","Action"
"876","tt0086791","Robin Hood",7.77,4078,170,3,55,"1984","1980s",2,"Action,Drama,Fantasy","Action"
"877","tt0161952","Saint Seiya: Knights of the Zodiac",7.62,19358,170,3,24.9,"1986","1980s",3,"Action,Adventure,Animation","Action"
"878","tt1086191","Outnumbered",8.05,5783,170,5,29.7,"2007","2000s",17,"Comedy,Drama","Comedy"
"879","tt1782352","Upstairs Downstairs",7.52,1528,170,2,60.3,"2010","2010s",2,"Drama","Drama"
"880","tt4168956","Wrecked",7.71,5110,170,3,21.1,"2016","2010s",2,"Action,Adventure,Comedy","Action"
"881","tt8708280","State of the Union",7.02,3402,170,2,9.9,"2019","2010s",3,"Comedy,Drama,Romance","Comedy"
"882","tt0288937","Degrassi: The Next Generation",7.53,64751,168,14,24.5,"2001","2000s",14,"Drama,Romance","Drama"
"883","tt0366005","Danny Phantom",7.65,8218,168,3,26.4,"2003","2000s",4,"Action,Adventure,Animation","Action"
"884","tt2171086","Ani*Kuri15",5.43,2518,168,3,1,"2007","2000s",1,"Animation,Comedy,Drama","Animation"
"885","tt0098882","One Foot in the Grave",7.99,6013,167,6,30.2,"1990","1990s",11,"Comedy,Drama","Comedy"
"886","tt8690518","The Baby-Sitters Club",7.82,2999,167,2,26.8,"2020","2020s",1,"Adventure,Comedy,Drama","Adventure"
"887","tt2058303","Fresh Meat",7.5,4994,166,4,39.9,"2011","2010s",5,"Comedy,Drama","Comedy"
"888","tt8387348","The House of Flowers",7.36,5634,166,3,31,"2018","2010s",2,"Comedy,Drama","Comedy"
"889","tt8430356","This Way Up",7.41,1980,165,2,24.2,"2019","2010s",2,"Comedy","Comedy"
"890","tt0057790","Thunderbirds",7.16,5264,164,2,48.9,"1965","1960s",1,"Action,Adventure,Family","Action"
"891","tt0071054","The Six Million Dollar Man",7.02,16225,164,5,52.6,"1974","1970s",4,"Action,Crime,Drama","Action"
"892","tt0088591","The Ray Bradbury Theater",6.08,10640,164,6,23.9,"1985","1980s",7,"Drama,Fantasy,Horror","Drama"
"893","tt2177489","Baby Daddy",7.92,16387,164,6,21.5,"2012","2010s",5,"Comedy,Drama,Family","Comedy"
"894","tt0165961","Sports Night",8.01,7311,162,2,29.3,"1998","1990s",2,"Comedy,Drama,Sport","Comedy"
"895","tt0428167","Stromberg",7.83,7455,162,5,26.2,"2004","2000s",8,"Comedy","Comedy"
"896","tt1442065","Rookie Blue",8.04,11991,162,6,43.6,"2010","2010s",5,"Action,Crime,Drama","Action"
"897","tt5099020","Aranyélet",8.28,3876,162,3,58.4,"2015","2010s",3,"Action,Crime,Drama","Action"
"898","tt0259733","Waking the Dead",7.73,14782,161,9,58,"2000","2000s",11,"Crime,Drama,Mystery","Crime"
"899","tt1723760","Dallas",8.05,6432,161,3,42.8,"2012","2010s",2,"Drama,Romance","Drama"
"900","tt7563270","Sweetbitter",7.42,2256,161,2,28.3,"2018","2010s",1,"Comedy,Drama","Comedy"
"901","tt5598192","Before We Die",7.58,2888,160,2,58.1,"2017","2010s",2,"Drama,Mystery,Thriller","Thriller"
"902","tt0397138","Corner Gas",8.1,16996,159,6,22.1,"2004","2000s",5,"Comedy","Comedy"
"903","tt2402061","Murder in the First",7.69,5079,159,3,42.5,"2014","2010s",2,"Crime,Drama,Mystery","Crime"
"904","tt1225901","90210",7.01,17979,158,5,41.4,"2008","2000s",5,"Comedy,Drama,Romance","Comedy"
"905","tt0086770","Night Court",7.34,30246,157,9,28.8,"1984","1980s",8,"Comedy","Comedy"
"906","tt2505072","The Red Road",7.95,1882,157,2,43.7,"2014","2010s",1,"Crime,Drama,Thriller","Crime"
"907","tt0068149","The Waltons",7.62,32974,156,9,59.9,"1972","1970s",9,"Drama,Family,Romance","Drama"
"908","tt0069599","Kojak",7.41,18232,156,5,49.7,"1973","1970s",5,"Action,Crime,Drama","Action"
"909","tt0106084","Alleyn Mysteries",7.37,1405,156,2,99.3,"1990","1990s",4,"Crime,Drama,Mystery","Crime"
"910","tt0106126","SeaQuest 2032",6.7,8909,156,3,45.5,"1993","1990s",3,"Action,Adventure,Family","Action"
"911","tt2022170","The Client List",7.12,3890,156,2,42.5,"2011","2010s",2,"Crime,Drama","Crime"
"912","tt8594510","Back to Life",7.36,1874,156,2,25.8,"2019","2010s",2,"Comedy,Drama","Comedy"
"913","tt0061248","Dragnet 1967",7.54,15234,155,4,29.9,"1967","1960s",3,"Crime,Drama,Mystery","Crime"
"914","tt0118364","Just Shoot Me!",7.23,23093,155,7,21.9,"1997","1990s",6,"Comedy","Comedy"
"915","tt0312895","The Last Detective",7.69,2642,155,4,71.6,"2003","2000s",4,"Comedy,Crime,Drama","Comedy"
"916","tt0437745","Robot Chicken",7.17,34966,155,11,11.3,"2005","2000s",17,"Adventure,Animation,Comedy","Adventure"
"917","tt1181917","The Suite Life on Deck",6.85,10992,155,3,24.3,"2008","2000s",3,"Action,Adventure,Comedy","Action"
"918","tt2455546","Avengers Assemble",7.16,19724,155,5,22.4,"2012","2010s",7,"Action,Adventure,Animation","Action"
"919","tt5194866","The Coroner",7.19,3105,155,2,44.8,"2015","2010s",1,"Comedy,Crime,Drama","Comedy"
"920","tt8962130","Shrill",7.26,3419,155,3,23.8,"2019","2010s",2,"Comedy,Drama","Comedy"
"921","tt0423661","Green Wing",7.98,2764,154,2,53.4,"2004","2000s",3,"Comedy,Drama","Comedy"
"922","tt0462128","The New Adventures of Old Christine",7.24,13547,154,5,29,"2006","2000s",4,"Comedy","Comedy"
"923","tt4600404","Modus",6.99,2458,154,2,43.6,"2015","2010s",2,"Crime,Drama,Mystery","Crime"
"924","tt0115215","The Incredible Hulk",6.65,3211,153,2,21.5,"1996","1990s",2,"Action,Adventure,Animation","Action"
"925","tt4465472","Rosewood",7.71,6744,153,2,44,"2015","2010s",2,"Crime,Drama,Mystery","Crime"
"926","tt6538034","Save Me",7.69,1832,153,2,44.8,"2018","2010s",4,"Crime,Drama,Mystery","Crime"
"927","tt6987476","Burden of Truth",7.91,5209,153,4,44,"2018","2010s",3,"Drama","Drama"
"928","tt0086687","The Cosby Show",6.96,29891,152,8,24.4,"1984","1980s",8,"Comedy,Family,Romance","Comedy"
"929","tt0092357","Friday the 13th: The Series",6.93,10974,152,3,45.9,"1987","1980s",3,"Fantasy,Horror,Mystery","Horror"
"930","tt6236572","Mary Kills People",7.83,2745,152,3,42.9,"2017","2010s",2,"Drama","Drama"
"931","tt9454736","Intelligence",6.97,1821,152,2,21.7,"2020","2020s",3,"Comedy","Comedy"
"932","tt8019444","Aggretsuko",7.59,7708,151,5,16.9,"2018","2010s",5,"Animation,Comedy,Drama","Animation"
"933","tt0115243","Lexx",6.98,9164,150,4,49.9,"1996","1990s",6,"Action,Adventure,Comedy","Action"
"934","tt1319735","Royal Pains",7.58,15579,150,8,42.8,"2009","2000s",7,"Comedy,Drama","Comedy"
"935","tt3012160","Alpha House",7.25,3143,150,2,26.7,"2013","2010s",1,"Comedy,Drama","Comedy"
"936","tt0055683","The Jetsons",7.1,11199,149,3,29.8,"1962","1960s",1,"Animation,Comedy,Family","Animation"
"937","tt0458122","Star Trek Phase II",7,1638,149,4,54.7,"2004","2000s",19,"Action,Adventure,Sci-Fi","Action"
"938","tt0052442","One Step Beyond",6.92,14396,148,3,30,"1959","1950s",2,"Drama,Fantasy,Horror","Drama"
"939","tt1132124","Xavier: Renegade Angel",8.29,2953,148,2,12,"2007","2000s",2,"Adventure,Animation,Comedy","Adventure"
"940","tt0094512","Monsters",6.16,10572,147,3,21.2,"1988","1980s",2,"Comedy,Drama,Fantasy","Comedy"
"941","tt10801368","Starstruck",7.45,2634,146,3,22,"2021","2020s",2,"Comedy,Romance","Comedy"
"942","tt1299365","How to Make It in America",7.55,2343,146,2,27.8,"2010","2010s",1,"Comedy,Drama","Comedy"
"943","tt2084712","Young & Hungry",7.86,10379,146,5,21.2,"2014","2010s",4,"Comedy,Drama,Romance","Comedy"
"944","tt4577466","Casual",7.75,6419,146,4,28.5,"2015","2010s",3,"Comedy,Drama","Comedy"
"945","tt6274614","SMILF",7.06,2633,146,2,29.2,"2017","2010s",2,"Comedy,Drama","Comedy"
"946","tt0071059","The Sweeney",7.74,7660,145,4,50.2,"1975","1970s",3,"Action,Crime,Drama","Action"
"947","tt0108684","Aaahh!!! Real Monsters",7.5,7554,145,4,23.9,"1994","1990s",3,"Animation,Comedy,Family","Animation"
"948","tt1258189","Survivors",7.65,1742,145,2,62.5,"2008","2000s",2,"Drama,Sci-Fi","Drama"
"949","tt6708260","Trust Me",6.91,1163,145,2,56,"2017","2010s",2,"Drama,Mystery,Thriller","Thriller"
"950","tt1717455","Silk",7.81,2599,144,3,58.7,"2011","2010s",3,"Drama","Drama"
"951","tt4947608","One Mississippi",7.69,1725,144,2,26.8,"2015","2010s",2,"Comedy,Drama","Comedy"
"952","tt5194410","Springfloden",7.34,2880,144,2,43.6,"2016","2010s",2,"Crime,Drama,Mystery","Crime"
"953","tt5990096","The Guest Book",7.13,2880,144,2,21,"2017","2010s",1,"Comedy","Comedy"
"954","tt0083413","Family Ties",7.24,24583,143,7,27.4,"1982","1980s",7,"Comedy,Drama,Family","Comedy"
"955","tt0096579","Family Matters",7.15,30401,141,9,24.1,"1989","1980s",9,"Adventure,Comedy,Drama","Adventure"
"956","tt0115369","Spin City",7.31,20438,141,6,27.8,"1996","1990s",6,"Comedy","Comedy"
"957","tt0194624","Strangers with Candy",7.98,4361,141,3,22.6,"1999","1990s",1,"Comedy","Comedy"
"958","tt0935095","In Plain Sight",7.9,8616,141,5,44.3,"2008","2000s",4,"Crime,Drama,Mystery","Crime"
"959","tt10483610","Capitani",6.94,3393,141,2,29.3,"2019","2010s",3,"Crime,Drama,Mystery","Crime"
"960","tt0073965","The Bionic Woman",6.93,8117,140,3,47.7,"1976","1970s",2,"Action,Adventure,Drama","Action"
"961","tt0255734","Grounded for Life",7.64,12752,140,5,21.9,"2001","2000s",4,"Comedy","Comedy"
"962","tt5592146","Speechless",7.67,8809,140,3,21,"2016","2010s",3,"Comedy","Comedy"
"963","tt6881870","Frankie Drake Mysteries",7.39,5747,140,4,43.5,"2017","2010s",4,"Crime,Drama,Mystery","Crime"
"964","tt0062568","Hawaii Five-O",7.21,38980,139,12,51.4,"1968","1960s",12,"Crime,Drama,Mystery","Crime"
"965","tt0075561","The Professionals",7.48,7906,139,5,47.3,"1977","1970s",6,"Action,Comedy,Crime","Action"
"966","tt0284718","Crossing Jordan",7.9,16270,139,6,44.2,"2001","2000s",6,"Crime,Drama,Mystery","Crime"
"967","tt0892535","Eli Stone",7.79,3614,139,2,48.5,"2008","2000s",1,"Comedy,Drama,Fantasy","Comedy"
"968","tt1790954","Den fördömde",6.47,555,139,2,90,"2010","2010s",3,"Crime,Drama,Thriller","Crime"
"969","tt0086662","Airwolf",6.83,7573,138,3,52.5,"1984","1980s",2,"Action,Adventure,Sci-Fi","Action"
"970","tt0111993","Hamish Macbeth",7.78,2756,138,3,49.4,"1995","1990s",2,"Comedy,Crime,Drama","Comedy"
"971","tt0465353","Sleeper Cell",7.86,2489,138,2,54.2,"2005","2000s",1,"Crime,Drama,Thriller","Crime"
"972","tt2400391","Legit",8.03,3582,138,2,22,"2013","2010s",1,"Comedy","Comedy"
"973","tt0051327","Wanted: Dead or Alive",7.6,12909,137,3,25.8,"1958","1950s",3,"Western","Western"
"974","tt0077000","Dallas",7.39,48687,137,14,48.5,"1978","1970s",13,"Drama,Romance","Drama"
"975","tt0083481","Spider-Man and His Amazing Friends",6.85,3282,137,3,25,"1981","1980s",5,"Action,Animation,Comedy","Action"
"976","tt1865769","Jessie",7.05,13426,137,4,25.2,"2011","2010s",4,"Comedy,Drama,Family","Comedy"
"977","tt3638488","Bedrag",7.63,4097,137,3,58.4,"2016","2010s",3,"Crime,Drama,Thriller","Crime"
"978","tt0060010","The Monkees",7.66,8002,136,2,24.9,"1965","1960s",3,"Comedy,Music","Comedy"
"979","tt0068135","The Streets of San Francisco",7.5,16364,136,5,60.3,"1972","1970s",5,"Action,Crime,Drama","Action"
"980","tt0101049","A Bit of Fry and Laurie",7.77,3547,136,4,29.2,"1987","1980s",8,"Comedy","Comedy"
"981","tt0107221","Maigret",7.6,1628,136,2,55.2,"1992","1990s",1,"Crime,Drama,Mystery","Crime"
"982","tt0960136","Dirty Sexy Money",7.16,3134,136,2,42.2,"2007","2000s",2,"Drama","Drama"
"983","tt1280822","Drop Dead Diva",7.57,10621,136,6,42.5,"2009","2000s",5,"Comedy,Drama","Comedy"
"984","tt4567314","Safe House",6.54,1091,136,2,45.5,"2015","2010s",2,"Crime,Drama,Thriller","Crime"
"985","tt5462886","You Are Wanted",6.54,1637,136,2,48.5,"2017","2010s",1,"Drama,Thriller","Thriller"
"986","tt5687446","Mum",8.09,2441,136,3,27.4,"2016","2010s",3,"Comedy","Comedy"
"987","tt0092312","21 Jump Street",7.32,13793,135,5,47.4,"1987","1980s",4,"Crime,Drama,Mystery","Crime"
"988","tt0290223","Inuyasha",7.44,22627,135,7,24.8,"2000","2000s",4,"Action,Adventure,Animation","Action"
"989","tt1077744","Lark Rise to Candleford",7.99,5408,135,4,53.5,"2008","2000s",3,"Drama,Romance","Drama"
"990","tt2337840","Bad Education",6.28,4465,135,5,28.9,"2012","2010s",12,"Comedy","Comedy"
"991","tt0072472","Barney Miller",8.02,22977,134,8,29.5,"1975","1970s",7,"Comedy,Drama","Comedy"
"992","tt0273379","Phoenix Nights",8.42,1603,134,2,25,"2001","2000s",1,"Comedy","Comedy"
"993","tt1410218","K-On!",7.7,5514,134,2,24,"2009","2000s",1,"Animation,Comedy,Drama","Animation"
"994","tt5648202","Corporate",8.09,3493,134,3,21.1,"2018","2010s",2,"Comedy","Comedy"
"995","tt0115218","Iron Man",6.34,3459,133,2,21.5,"1994","1990s",2,"Action,Adventure,Animation","Action"
"996","tt0758737","Brothers & Sisters",8.04,14683,133,5,48.8,"2006","2000s",5,"Drama","Drama"
"997","tt1765510","R.L. Stine's the Haunting Hour",7.07,10097,133,4,22.9,"2010","2010s",4,"Action,Adventure,Comedy","Action"
"998","tt9214684","Home Economics",7.67,5580,133,3,21.6,"2021","2020s",2,"Comedy","Comedy"
"999","tt0364797","Blue Murder",7.48,2513,132,5,63.3,"2003","2000s",6,"Crime,Drama,Mystery","Crime"
"1000","tt1973692","Rita",7.7,5276,132,5,40,"2012","2010s",8,"Comedy,Drama","Comedy"
